0 verbose cli D:\frontsoftware\nvmlist\install\nodejs\node.exe D:\frontsoftware\nvmlist\install\nodejs\node_modules\npm\bin\npm-cli.js
1 info using npm@11.19.0
2 info using node@v24.21.0
3 silly config load:file:D:\frontsoftware\nvmlist\install\nvm\v24.21.0\node_modules\npm\npmrc
4 silly config load:file:E:\temp\frontproject\tts-maplibre-remotion-video\.npmrc
5 silly config load:file:C:\Users\xuyupan\.npmrc
6 silly config load:file:E:\aiSoftware\npm\global\etc\npmrc
7 verbose title npm install
8 verbose argv "install" "--ignore-scripts" "--cache" ".npm-cache"
9 verbose logfile logs-max:10 dir:E:\temp\frontproject\tts-maplibre-remotion-video\.npm-cache\_logs\2026-09-29T07_43_45_877Z-
10 verbose logfile E:\temp\frontproject\tts-maplibre-remotion-video\.npm-cache\_logs\2026-09-29T07_43_45_877Z-debug-0.log
11 silly logfile done cleaning log files
12 silly packumentCache heap:4496293888 maxSize:1124073472 maxEntrySize:562036736
13 silly idealTree buildDeps
14 silly fetch manifest @remotion/cli@^4.0.0
15 silly packumentCache full:https://registry.npmmirror.com/@remotion%2fcli cache-miss
16 http fetch GET 200 https://registry.npmmirror.com/npm 145ms
17 http fetch GET 200 https://registry.npmmirror.com/@remotion%2fcli 335ms (cache miss)
18 silly packumentCache full:https://registry.npmmirror.com/@remotion%2fcli set size:867245 disposed:false
19 silly fetch manifest react@^19.0.0
20 silly packumentCache full:https://registry.npmmirror.com/react cache-miss
21 http fetch GET 200 https://registry.npmmirror.com/react 95ms (cache miss)
22 silly packumentCache full:https://registry.npmmirror.com/react set size:1271422 disposed:false
23 silly fetch manifest react-dom@^19.0.0
24 silly packumentCache full:https://registry.npmmirror.com/react-dom cache-miss
25 http fetch GET 200 https://registry.npmmirror.com/react-dom 227ms (cache miss)
26 silly packumentCache full:https://registry.npmmirror.com/react-dom set size:1456243 disposed:false
27 silly fetch manifest @turf/centroid@^7.2.0
28 silly packumentCache full:https://registry.npmmirror.com/@turf%2fcentroid cache-miss
29 http fetch GET 200 https://registry.npmmirror.com/@turf%2fcentroid 23ms (cache miss)
30 silly packumentCache full:https://registry.npmmirror.com/@turf%2fcentroid set size:26380 disposed:false
31 silly fetch manifest @turf/helpers@^7.2.0
32 silly packumentCache full:https://registry.npmmirror.com/@turf%2fhelpers cache-miss
33 http fetch GET 200 https://registry.npmmirror.com/@turf%2fhelpers 31ms (cache miss)
34 silly packumentCache full:https://registry.npmmirror.com/@turf%2fhelpers set size:31872 disposed:false
35 silly fetch manifest d3-geo@^3.1.1
36 silly packumentCache full:https://registry.npmmirror.com/d3-geo cache-miss
37 http fetch GET 200 https://registry.npmmirror.com/d3-geo 23ms (cache miss)
38 silly packumentCache full:https://registry.npmmirror.com/d3-geo set size:21931 disposed:false
39 silly fetch manifest remotion@^4.0.0
40 silly packumentCache full:https://registry.npmmirror.com/remotion cache-miss
41 http fetch GET 200 https://registry.npmmirror.com/remotion 105ms (cache miss)
42 silly packumentCache full:https://registry.npmmirror.com/remotion set size:817631 disposed:false
43 silly fetch manifest xlsx@^0.18.5
44 silly packumentCache full:https://registry.npmmirror.com/xlsx cache-miss
45 http fetch GET 200 https://registry.npmmirror.com/xlsx 26ms (cache miss)
46 silly packumentCache full:https://registry.npmmirror.com/xlsx set size:59561 disposed:false
47 silly fetch manifest zod@^4.0.0
48 silly packumentCache full:https://registry.npmmirror.com/zod cache-miss
49 http fetch GET 200 https://registry.npmmirror.com/zod 63ms (cache miss)
50 silly packumentCache full:https://registry.npmmirror.com/zod set size:510215 disposed:false
51 silly fetch manifest @types/d3-geo@^3.1.0
52 silly packumentCache full:https://registry.npmmirror.com/@types%2fd3-geo cache-miss
53 http fetch GET 200 https://registry.npmmirror.com/@types%2fd3-geo 24ms (cache miss)
54 silly packumentCache full:https://registry.npmmirror.com/@types%2fd3-geo set size:18988 disposed:false
55 silly fetch manifest @types/react@^19.0.0
56 silly packumentCache full:https://registry.npmmirror.com/@types%2freact cache-miss
57 http fetch GET 200 https://registry.npmmirror.com/@types%2freact 50ms (cache miss)
58 silly packumentCache full:https://registry.npmmirror.com/@types%2freact set size:337951 disposed:false
59 silly fetch manifest @types/react-dom@^19.0.0
60 silly packumentCache full:https://registry.npmmirror.com/@types%2freact-dom cache-miss
61 http fetch GET 200 https://registry.npmmirror.com/@types%2freact-dom 30ms (cache miss)
62 silly packumentCache full:https://registry.npmmirror.com/@types%2freact-dom set size:85379 disposed:false
63 silly fetch manifest tsx@^4.0.0
64 silly packumentCache full:https://registry.npmmirror.com/tsx cache-miss
65 http fetch GET 200 https://registry.npmmirror.com/tsx 25ms (cache miss)
66 silly packumentCache full:https://registry.npmmirror.com/tsx set size:77498 disposed:false
67 silly fetch manifest typescript@^5.7.0
68 silly packumentCache full:https://registry.npmmirror.com/typescript cache-miss
69 http fetch GET 200 https://registry.npmmirror.com/typescript 108ms (cache miss)
70 silly packumentCache full:https://registry.npmmirror.com/typescript set size:1726081 disposed:false
71 silly placeDep ROOT @remotion/cli@4.0.529 OK for: thailand-province-ranking-video@1.0.0 want: ^4.0.0
72 silly placeDep ROOT react@19.3.0 OK for: @remotion/cli@4.0.529 want: >=16.8.0
73 silly placeDep ROOT react-dom@19.3.0 OK for: @remotion/cli@4.0.529 want: >=16.8.0
74 silly placeDep ROOT @turf/centroid@7.4.0 OK for: thailand-province-ranking-video@1.0.0 want: ^7.2.0
75 silly placeDep ROOT @turf/helpers@7.4.0 OK for: thailand-province-ranking-video@1.0.0 want: ^7.2.0
76 silly placeDep ROOT @types/d3-geo@3.1.1 OK for: thailand-province-ranking-video@1.0.0 want: ^3.1.0
77 silly placeDep ROOT @types/react@19.3.0 OK for: thailand-province-ranking-video@1.0.0 want: ^19.0.0
78 silly placeDep ROOT @types/react-dom@19.3.0 OK for: thailand-province-ranking-video@1.0.0 want: ^19.0.0
79 silly placeDep ROOT d3-geo@3.1.1 OK for: thailand-province-ranking-video@1.0.0 want: ^3.1.1
80 silly placeDep ROOT remotion@4.0.529 OK for: thailand-province-ranking-video@1.0.0 want: ^4.0.0
81 silly placeDep ROOT tsx@4.23.15 OK for: thailand-province-ranking-video@1.0.0 want: ^4.0.0
82 silly placeDep ROOT typescript@5.9.3 OK for: thailand-province-ranking-video@1.0.0 want: ^5.7.0
83 silly placeDep ROOT xlsx@0.18.5 OK for: thailand-province-ranking-video@1.0.0 want: ^0.18.5
84 silly placeDep ROOT zod@4.6.5 OK for: thailand-province-ranking-video@1.0.0 want: ^4.0.0
85 silly fetch manifest dotenv@17.3.1
86 silly packumentCache full:https://registry.npmmirror.com/dotenv cache-miss
87 silly fetch manifest semver@7.5.3
88 silly packumentCache full:https://registry.npmmirror.com/semver cache-miss
89 silly fetch manifest prompts@2.4.2
90 silly packumentCache full:https://registry.npmmirror.com/prompts cache-miss
91 silly fetch manifest minimist@1.2.6
92 silly packumentCache full:https://registry.npmmirror.com/minimist cache-miss
93 silly fetch manifest remotion@4.0.529
94 silly packumentCache full:https://registry.npmmirror.com/remotion cache-hit
95 silly fetch manifest @babel/parser@7.24.1
96 silly packumentCache full:https://registry.npmmirror.com/@babel%2fparser cache-miss
97 silly fetch manifest @remotion/player@4.0.529
98 silly packumentCache full:https://registry.npmmirror.com/@remotion%2fplayer cache-miss
99 silly fetch manifest @remotion/studio@4.0.529
100 silly packumentCache full:https://registry.npmmirror.com/@remotion%2fstudio cache-miss
101 silly fetch manifest @remotion/bundler@4.0.529
102 silly packumentCache full:https://registry.npmmirror.com/@remotion%2fbundler cache-miss
103 silly fetch manifest @remotion/renderer@4.0.529
104 silly packumentCache full:https://registry.npmmirror.com/@remotion%2frenderer cache-miss
105 silly fetch manifest @remotion/media-utils@4.0.529
106 silly packumentCache full:https://registry.npmmirror.com/@remotion%2fmedia-utils cache-miss
107 silly fetch manifest @remotion/studio-server@4.0.529
108 silly packumentCache full:https://registry.npmmirror.com/@remotion%2fstudio-server cache-miss
109 silly fetch manifest @remotion/studio-shared@4.0.529
110 silly packumentCache full:https://registry.npmmirror.com/@remotion%2fstudio-shared cache-miss
111 silly fetch manifest scheduler@^0.28.0
112 silly packumentCache full:https://registry.npmmirror.com/scheduler cache-miss
113 silly fetch manifest tslib@^2.8.1
114 silly packumentCache full:https://registry.npmmirror.com/tslib cache-miss
115 silly fetch manifest @turf/meta@7.4.0
116 silly packumentCache full:https://registry.npmmirror.com/@turf%2fmeta cache-miss
117 http fetch GET 200 https://registry.npmmirror.com/semver 28ms (cache miss)
118 silly packumentCache full:https://registry.npmmirror.com/semver set size:47513 disposed:false
119 silly fetch manifest @turf/helpers@7.4.0
120 silly packumentCache full:https://registry.npmmirror.com/@turf%2fhelpers cache-hit
121 silly fetch manifest @types/geojson@^7946.0.10
122 silly packumentCache full:https://registry.npmmirror.com/@types%2fgeojson cache-miss
123 http fetch GET 200 https://registry.npmmirror.com/dotenv 35ms (cache miss)
124 silly packumentCache full:https://registry.npmmirror.com/dotenv set size:60505 disposed:false
125 silly fetch manifest tslib@^2.8.1
126 silly packumentCache full:https://registry.npmmirror.com/tslib cache-miss
127 http fetch GET 200 https://registry.npmmirror.com/@types%2fgeojson 32ms (cache miss)
128 silly packumentCache full:https://registry.npmmirror.com/@types%2fgeojson set size:14189 disposed:false
129 silly fetch manifest @types/geojson@*
130 silly packumentCache full:https://registry.npmmirror.com/@types%2fgeojson cache-hit
131 silly fetch manifest csstype@^3.2.2
132 silly packumentCache full:https://registry.npmmirror.com/csstype cache-miss
133 http fetch GET 200 https://registry.npmmirror.com/tslib 31ms (cache miss)
134 silly packumentCache full:https://registry.npmmirror.com/tslib set size:33198 disposed:false
135 silly fetch manifest d3-array@2.5.0 - 3
136 silly packumentCache full:https://registry.npmmirror.com/d3-array cache-miss
137 http fetch GET 200 https://registry.npmmirror.com/minimist 81ms (cache miss)
138 silly packumentCache full:https://registry.npmmirror.com/minimist set size:15089 disposed:false
139 silly fetch manifest esbuild@~0.28.0
140 silly packumentCache full:https://registry.npmmirror.com/esbuild cache-miss
141 http fetch GET 200 https://registry.npmmirror.com/csstype 29ms (cache miss)
142 silly packumentCache full:https://registry.npmmirror.com/csstype set size:41498 disposed:false
143 silly fetch manifest fsevents@~2.3.3
144 silly packumentCache full:https://registry.npmmirror.com/fsevents cache-miss
145 http fetch GET 200 https://registry.npmmirror.com/d3-array 41ms (cache miss)
146 silly packumentCache full:https://registry.npmmirror.com/d3-array set size:43582 disposed:false
147 silly fetch manifest adler-32@~1.3.0
148 silly packumentCache full:https://registry.npmmirror.com/adler-32 cache-miss
149 http fetch GET 200 https://registry.npmmirror.com/tslib 132ms (cache miss)
150 silly packumentCache full:https://registry.npmmirror.com/tslib set size:33198 disposed:false
151 silly packumentCache full:https://registry.npmmirror.com/tslib dispose
152 silly fetch manifest cfb@~1.2.1
153 silly packumentCache full:https://registry.npmmirror.com/cfb cache-miss
154 http fetch GET 200 https://registry.npmmirror.com/prompts 139ms (cache miss)
155 silly packumentCache full:https://registry.npmmirror.com/prompts set size:18712 disposed:false
156 silly fetch manifest codepage@~1.15.0
157 silly packumentCache full:https://registry.npmmirror.com/codepage cache-miss
158 http fetch GET 200 https://registry.npmmirror.com/@babel%2fparser 149ms (cache miss)
159 silly packumentCache full:https://registry.npmmirror.com/@babel%2fparser set size:111873 disposed:false
160 silly fetch manifest crc-32@~1.2.1
161 silly packumentCache full:https://registry.npmmirror.com/crc-32 cache-miss
162 http fetch GET 200 https://registry.npmmirror.com/fsevents 58ms (cache miss)
163 silly packumentCache full:https://registry.npmmirror.com/fsevents set size:16344 disposed:false
164 silly fetch manifest ssf@~0.11.2
165 silly packumentCache full:https://registry.npmmirror.com/ssf cache-miss
166 http fetch GET 200 https://registry.npmmirror.com/adler-32 50ms (cache miss)
167 silly packumentCache full:https://registry.npmmirror.com/adler-32 set size:6811 disposed:false
168 silly fetch manifest wmf@~1.0.1
169 silly packumentCache full:https://registry.npmmirror.com/wmf cache-miss
170 http fetch GET 200 https://registry.npmmirror.com/@turf%2fmeta 162ms (cache miss)
171 silly packumentCache full:https://registry.npmmirror.com/@turf%2fmeta set size:33809 disposed:false
172 silly fetch manifest word@~0.3.0
173 silly packumentCache full:https://registry.npmmirror.com/word cache-miss
174 http fetch GET 200 https://registry.npmmirror.com/@remotion%2fstudio 174ms (cache miss)
175 silly packumentCache full:https://registry.npmmirror.com/@remotion%2fstudio set size:177966 disposed:false
176 http fetch GET 200 https://registry.npmmirror.com/@remotion%2fstudio-server 192ms (cache miss)
177 silly packumentCache full:https://registry.npmmirror.com/@remotion%2fstudio-server set size:155195 disposed:false
178 http fetch GET 200 https://registry.npmmirror.com/esbuild 116ms (cache miss)
179 silly packumentCache full:https://registry.npmmirror.com/esbuild set size:216305 disposed:false
180 http fetch GET 200 https://registry.npmmirror.com/codepage 69ms (cache miss)
181 silly packumentCache full:https://registry.npmmirror.com/codepage set size:15458 disposed:false
182 http fetch GET 200 https://registry.npmmirror.com/crc-32 59ms (cache miss)
183 silly packumentCache full:https://registry.npmmirror.com/crc-32 set size:9385 disposed:false
184 http fetch GET 200 https://registry.npmmirror.com/cfb 78ms (cache miss)
185 silly packumentCache full:https://registry.npmmirror.com/cfb set size:13483 disposed:false
186 http fetch GET 200 https://registry.npmmirror.com/ssf 64ms (cache miss)
187 silly packumentCache full:https://registry.npmmirror.com/ssf set size:11520 disposed:false
188 http fetch GET 200 https://registry.npmmirror.com/@remotion%2fstudio-shared 221ms (cache miss)
189 silly packumentCache full:https://registry.npmmirror.com/@remotion%2fstudio-shared set size:151438 disposed:false
190 http fetch GET 200 https://registry.npmmirror.com/wmf 62ms (cache miss)
191 silly packumentCache full:https://registry.npmmirror.com/wmf set size:5273 disposed:false
192 http fetch GET 200 https://registry.npmmirror.com/word 65ms (cache miss)
193 silly packumentCache full:https://registry.npmmirror.com/word set size:4564 disposed:false
194 http fetch GET 200 https://registry.npmmirror.com/@remotion%2fplayer 274ms (cache miss)
195 silly packumentCache full:https://registry.npmmirror.com/@remotion%2fplayer set size:661971 disposed:false
196 http fetch GET 200 https://registry.npmmirror.com/@remotion%2fbundler 314ms (cache miss)
197 silly packumentCache full:https://registry.npmmirror.com/@remotion%2fbundler set size:835675 disposed:false
198 http fetch GET 200 https://registry.npmmirror.com/scheduler 341ms (cache miss)
199 silly packumentCache full:https://registry.npmmirror.com/scheduler set size:1187189 disposed:false
200 http fetch GET 200 https://registry.npmmirror.com/@remotion%2frenderer 365ms (cache miss)
201 silly packumentCache full:https://registry.npmmirror.com/@remotion%2frenderer set size:868632 disposed:false
202 http fetch GET 200 https://registry.npmmirror.com/@remotion%2fmedia-utils 493ms (cache miss)
203 silly packumentCache full:https://registry.npmmirror.com/@remotion%2fmedia-utils set size:675036 disposed:false
204 silly fetch manifest react@>=16.8.0
205 silly packumentCache full:https://registry.npmmirror.com/react cache-miss
206 http cache https://registry.npmmirror.com/react 16ms (cache hit)
207 silly packumentCache full:https://registry.npmmirror.com/react set size:6763630 disposed:false
208 silly fetch manifest react-dom@>=16.8.0
209 silly packumentCache full:https://registry.npmmirror.com/react-dom cache-miss
210 http cache https://registry.npmmirror.com/react-dom 16ms (cache hit)
211 silly packumentCache full:https://registry.npmmirror.com/react-dom set size:9172476 disposed:false
212 silly fetch manifest @remotion/video-matting@4.0.529
213 silly packumentCache full:https://registry.npmmirror.com/@remotion%2fvideo-matting cache-miss
214 http fetch GET 200 https://registry.npmmirror.com/@remotion%2fvideo-matting 31ms (cache miss)
215 silly packumentCache full:https://registry.npmmirror.com/@remotion%2fvideo-matting set size:3880 disposed:false
216 silly fetch manifest @huggingface/transformers@4.2.0
217 silly packumentCache full:https://registry.npmmirror.com/@huggingface%2ftransformers cache-miss
218 http fetch GET 200 https://registry.npmmirror.com/@huggingface%2ftransformers 29ms (cache miss)
219 silly packumentCache full:https://registry.npmmirror.com/@huggingface%2ftransformers set size:74211 disposed:false
220 silly fetch manifest @remotion/whisper-webgpu@4.0.529
221 silly packumentCache full:https://registry.npmmirror.com/@remotion%2fwhisper-webgpu cache-miss
222 http fetch GET 200 https://registry.npmmirror.com/@remotion%2fwhisper-webgpu 46ms (cache miss)
223 silly packumentCache full:https://registry.npmmirror.com/@remotion%2fwhisper-webgpu set size:5920 disposed:false
224 silly placeDep ROOT @babel/parser@7.24.1 OK for: @remotion/cli@4.0.529 want: 7.24.1
225 silly placeDep ROOT @remotion/bundler@4.0.529 OK for: @remotion/cli@4.0.529 want: 4.0.529
226 silly placeDep ROOT @remotion/media-utils@4.0.529 OK for: @remotion/cli@4.0.529 want: 4.0.529
227 silly placeDep ROOT @remotion/player@4.0.529 OK for: @remotion/cli@4.0.529 want: 4.0.529
228 silly placeDep ROOT @remotion/renderer@4.0.529 OK for: @remotion/cli@4.0.529 want: 4.0.529
229 silly placeDep ROOT @remotion/studio@4.0.529 OK for: @remotion/cli@4.0.529 want: 4.0.529
230 silly placeDep ROOT @remotion/studio-server@4.0.529 OK for: @remotion/cli@4.0.529 want: 4.0.529
231 silly placeDep ROOT @remotion/studio-shared@4.0.529 OK for: @remotion/cli@4.0.529 want: 4.0.529
232 silly placeDep ROOT dotenv@17.3.1 OK for: @remotion/cli@4.0.529 want: 17.3.1
233 silly placeDep ROOT minimist@1.2.6 OK for: @remotion/cli@4.0.529 want: 1.2.6
234 silly placeDep ROOT prompts@2.4.2 OK for: @remotion/cli@4.0.529 want: 2.4.2
235 silly placeDep ROOT semver@7.5.3 OK for: @remotion/cli@4.0.529 want: 7.5.3
236 silly fetch manifest esbuild@0.28.1
237 silly packumentCache full:https://registry.npmmirror.com/esbuild cache-hit
238 silly fetch manifest webpack@5.105.0
239 silly packumentCache full:https://registry.npmmirror.com/webpack cache-miss
240 silly fetch manifest css-loader@7.1.4
241 silly packumentCache full:https://registry.npmmirror.com/css-loader cache-miss
242 silly fetch manifest @rspack/core@1.7.11
243 silly packumentCache full:https://registry.npmmirror.com/@rspack%2fcore cache-miss
244 silly fetch manifest style-loader@4.0.0
245 silly packumentCache full:https://registry.npmmirror.com/style-loader cache-miss
246 silly fetch manifest react-refresh@0.18.0
247 silly packumentCache full:https://registry.npmmirror.com/react-refresh cache-miss
248 silly fetch manifest @remotion/media-parser@4.0.529
249 silly packumentCache full:https://registry.npmmirror.com/@remotion%2fmedia-parser cache-miss
250 silly fetch manifest @remotion/timeline-utils@4.0.529
251 silly packumentCache full:https://registry.npmmirror.com/@remotion%2ftimeline-utils cache-miss
252 silly fetch manifest @rspack/plugin-react-refresh@1.6.1
253 silly packumentCache full:https://registry.npmmirror.com/@rspack%2fplugin-react-refresh cache-miss
254 silly fetch manifest mediabunny@1.56.1
255 silly packumentCache full:https://registry.npmmirror.com/mediabunny cache-miss
256 silly fetch manifest ws@8.21.0
257 silly packumentCache full:https://registry.npmmirror.com/ws cache-miss
258 silly fetch manifest execa@5.1.1
259 silly packumentCache full:https://registry.npmmirror.com/execa cache-miss
260 silly fetch manifest source-map@0.8.0
261 silly packumentCache full:https://registry.npmmirror.com/source-map cache-miss
262 silly fetch manifest @remotion/licensing@4.0.529
263 silly packumentCache full:https://registry.npmmirror.com/@remotion%2flicensing cache-miss
264 silly fetch manifest @remotion/streaming@4.0.529
265 silly packumentCache full:https://registry.npmmirror.com/@remotion%2fstreaming cache-miss
266 silly fetch manifest @remotion/compositor-darwin-x64@4.0.529
267 silly packumentCache full:https://registry.npmmirror.com/@remotion%2fcompositor-darwin-x64 cache-miss
268 http fetch GET 200 https://registry.npmmirror.com/css-loader 39ms (cache miss)
269 silly packumentCache full:https://registry.npmmirror.com/css-loader set size:74261 disposed:false
270 silly fetch manifest @remotion/compositor-darwin-arm64@4.0.529
271 silly packumentCache full:https://registry.npmmirror.com/@remotion%2fcompositor-darwin-arm64 cache-miss
272 http fetch GET 200 https://registry.npmmirror.com/style-loader 86ms (cache miss)
273 silly packumentCache full:https://registry.npmmirror.com/style-loader set size:33079 disposed:false
274 silly fetch manifest @remotion/compositor-linux-x64-gnu@4.0.529
275 silly packumentCache full:https://registry.npmmirror.com/@remotion%2fcompositor-linux-x64-gnu cache-miss
276 http fetch GET 200 https://registry.npmmirror.com/@remotion%2ftimeline-utils 90ms (cache miss)
277 silly packumentCache full:https://registry.npmmirror.com/@remotion%2ftimeline-utils set size:24408 disposed:false
278 silly fetch manifest @remotion/compositor-linux-x64-musl@4.0.529
279 silly packumentCache full:https://registry.npmmirror.com/@remotion%2fcompositor-linux-x64-musl cache-miss
280 http fetch GET 200 https://registry.npmmirror.com/execa 92ms (cache miss)
281 silly packumentCache full:https://registry.npmmirror.com/execa set size:33882 disposed:false
282 silly fetch manifest @remotion/compositor-win32-x64-msvc@4.0.529
283 silly packumentCache full:https://registry.npmmirror.com/@remotion%2fcompositor-win32-x64-msvc cache-miss
284 http fetch GET 200 https://registry.npmmirror.com/@remotion%2fmedia-parser 98ms (cache miss)
285 silly packumentCache full:https://registry.npmmirror.com/@remotion%2fmedia-parser set size:139439 disposed:false
286 silly fetch manifest @remotion/compositor-linux-arm64-gnu@4.0.529
287 silly packumentCache full:https://registry.npmmirror.com/@remotion%2fcompositor-linux-arm64-gnu cache-miss
288 http fetch GET 200 https://registry.npmmirror.com/source-map 102ms (cache miss)
289 silly packumentCache full:https://registry.npmmirror.com/source-map set size:34908 disposed:false
290 silly fetch manifest @remotion/compositor-linux-arm64-musl@4.0.529
291 silly packumentCache full:https://registry.npmmirror.com/@remotion%2fcompositor-linux-arm64-musl cache-miss
292 http fetch GET 200 https://registry.npmmirror.com/ws 114ms (cache miss)
293 silly packumentCache full:https://registry.npmmirror.com/ws set size:99362 disposed:false
294 silly fetch manifest zod@4.5.4
295 silly packumentCache full:https://registry.npmmirror.com/zod cache-hit
296 silly fetch manifest open@8.4.2
297 silly packumentCache full:https://registry.npmmirror.com/open cache-miss
298 http fetch GET 200 https://registry.npmmirror.com/@remotion%2flicensing 118ms (cache miss)
299 silly packumentCache full:https://registry.npmmirror.com/@remotion%2flicensing set size:97235 disposed:false
300 silly fetch manifest memfs@3.4.3
301 silly packumentCache full:https://registry.npmmirror.com/memfs cache-miss
302 http fetch GET 200 https://registry.npmmirror.com/@remotion%2fstreaming 133ms (cache miss)
303 silly packumentCache full:https://registry.npmmirror.com/@remotion%2fstreaming set size:118510 disposed:false
304 silly fetch manifest prismjs@1.30.0
305 silly packumentCache full:https://registry.npmmirror.com/prismjs cache-miss
306 http fetch GET 200 https://registry.npmmirror.com/mediabunny 146ms (cache miss)
307 silly packumentCache full:https://registry.npmmirror.com/mediabunny set size:93431 disposed:false
308 silly fetch manifest @remotion/media@4.0.529
309 silly packumentCache full:https://registry.npmmirror.com/@remotion%2fmedia cache-miss
310 http fetch GET 200 https://registry.npmmirror.com/@remotion%2fcompositor-darwin-x64 168ms (cache miss)
311 silly packumentCache full:https://registry.npmmirror.com/@remotion%2fcompositor-darwin-x64 set size:263541 disposed:false
312 silly fetch manifest @remotion/paths@4.0.529
313 silly packumentCache full:https://registry.npmmirror.com/@remotion%2fpaths cache-miss
314 http fetch GET 200 https://registry.npmmirror.com/open 64ms (cache miss)
315 silly packumentCache full:https://registry.npmmirror.com/open set size:25092 disposed:false
316 silly fetch manifest @remotion/canvas@4.0.529
317 silly packumentCache full:https://registry.npmmirror.com/@remotion%2fcanvas cache-miss
318 http fetch GET 200 https://registry.npmmirror.com/prismjs 55ms (cache miss)
319 silly packumentCache full:https://registry.npmmirror.com/prismjs set size:20800 disposed:false
320 silly fetch manifest @remotion/captions@4.0.529
321 silly packumentCache full:https://registry.npmmirror.com/@remotion%2fcaptions cache-miss
322 http fetch GET 200 https://registry.npmmirror.com/@rspack%2fplugin-react-refresh 201ms (cache miss)
323 silly packumentCache full:https://registry.npmmirror.com/@rspack%2fplugin-react-refresh set size:238266 disposed:false
324 silly fetch manifest @remotion/codemods@4.0.529
325 silly packumentCache full:https://registry.npmmirror.com/@remotion%2fcodemods cache-miss
326 http fetch GET 200 https://registry.npmmirror.com/@remotion%2fcompositor-darwin-arm64 167ms (cache miss)
327 silly packumentCache full:https://registry.npmmirror.com/@remotion%2fcompositor-darwin-arm64 set size:263333 disposed:false
328 silly fetch manifest @remotion/zod-types@4.0.529
329 silly packumentCache full:https://registry.npmmirror.com/@remotion%2fzod-types cache-miss
330 http fetch GET 200 https://registry.npmmirror.com/@remotion%2fcompositor-linux-x64-gnu 141ms (cache miss)
331 silly packumentCache full:https://registry.npmmirror.com/@remotion%2fcompositor-linux-x64-gnu set size:263094 disposed:false
332 silly fetch manifest @remotion/web-renderer@4.0.529
333 silly packumentCache full:https://registry.npmmirror.com/@remotion%2fweb-renderer cache-miss
334 http fetch GET 200 https://registry.npmmirror.com/@remotion%2fcanvas 57ms (cache miss)
335 silly packumentCache full:https://registry.npmmirror.com/@remotion%2fcanvas set size:6041 disposed:false
336 silly fetch manifest @tanstack/react-virtual@3.14.9
337 silly packumentCache full:https://registry.npmmirror.com/@tanstack%2freact-virtual cache-miss
338 http fetch GET 200 https://registry.npmmirror.com/@remotion%2fcompositor-linux-x64-musl 150ms (cache miss)
339 silly packumentCache full:https://registry.npmmirror.com/@remotion%2fcompositor-linux-x64-musl set size:260990 disposed:false
340 silly fetch manifest @jridgewell/trace-mapping@0.3.31
341 silly packumentCache full:https://registry.npmmirror.com/@jridgewell%2ftrace-mapping cache-miss
342 http fetch GET 200 https://registry.npmmirror.com/@remotion%2fmedia 98ms (cache miss)
343 silly packumentCache full:https://registry.npmmirror.com/@remotion%2fmedia set size:61227 disposed:false
344 silly fetch manifest @remotion/studio-protocol@4.0.529
345 silly packumentCache full:https://registry.npmmirror.com/@remotion%2fstudio-protocol cache-miss
346 http fetch GET 200 https://registry.npmmirror.com/@remotion%2fcompositor-win32-x64-msvc 157ms (cache miss)
347 silly packumentCache full:https://registry.npmmirror.com/@remotion%2fcompositor-win32-x64-msvc set size:261038 disposed:false
348 silly fetch manifest memfs@3.4.3
349 silly packumentCache full:https://registry.npmmirror.com/memfs cache-miss
350 http fetch GET 200 https://registry.npmmirror.com/memfs 134ms (cache miss)
351 silly packumentCache full:https://registry.npmmirror.com/memfs set size:126454 disposed:false
352 silly fetch manifest recast@0.23.21
353 silly packumentCache full:https://registry.npmmirror.com/recast cache-miss
354 http fetch GET 200 https://registry.npmmirror.com/@remotion%2fcompositor-linux-arm64-gnu 167ms (cache miss)
355 silly packumentCache full:https://registry.npmmirror.com/@remotion%2fcompositor-linux-arm64-gnu set size:261884 disposed:false
356 silly fetch manifest @svgr/core@8.1.0
357 silly packumentCache full:https://registry.npmmirror.com/@svgr%2fcore cache-miss
358 http fetch GET 200 https://registry.npmmirror.com/@remotion%2fcompositor-linux-arm64-musl 177ms (cache miss)
359 silly packumentCache full:https://registry.npmmirror.com/@remotion%2fcompositor-linux-arm64-musl set size:262514 disposed:false
360 silly fetch manifest kiwi-schema@0.5.0
361 silly packumentCache full:https://registry.npmmirror.com/kiwi-schema cache-miss
362 http fetch GET 200 https://registry.npmmirror.com/@remotion%2fcodemods 103ms (cache miss)
363 silly packumentCache full:https://registry.npmmirror.com/@remotion%2fcodemods set size:2543 disposed:false
364 silly fetch manifest @babel/types@7.24.0
365 silly packumentCache full:https://registry.npmmirror.com/@babel%2ftypes cache-miss
366 http cache https://registry.npmmirror.com/memfs 57ms (cache hit)
367 silly packumentCache full:https://registry.npmmirror.com/memfs set size:1005089 disposed:false
368 silly packumentCache full:https://registry.npmmirror.com/memfs dispose
369 silly fetch manifest @svgr/plugin-jsx@8.1.0
370 silly packumentCache full:https://registry.npmmirror.com/@svgr%2fplugin-jsx cache-miss
371 http fetch GET 200 https://registry.npmmirror.com/@remotion%2fcaptions 126ms (cache miss)
372 silly packumentCache full:https://registry.npmmirror.com/@remotion%2fcaptions set size:100433 disposed:false
373 silly fetch manifest @remotion/studio-protocol@4.0.529
374 silly packumentCache full:https://registry.npmmirror.com/@remotion%2fstudio-protocol cache-miss
375 http fetch GET 200 https://registry.npmmirror.com/@jridgewell%2ftrace-mapping 82ms (cache miss)
376 silly packumentCache full:https://registry.npmmirror.com/@jridgewell%2ftrace-mapping set size:40595 disposed:false
377 silly fetch manifest kleur@^3.0.3
378 silly packumentCache full:https://registry.npmmirror.com/kleur cache-miss
379 http fetch GET 200 https://registry.npmmirror.com/@remotion%2fstudio-protocol 86ms (cache miss)
380 silly packumentCache full:https://registry.npmmirror.com/@remotion%2fstudio-protocol set size:10693 disposed:false
381 silly fetch manifest sisteransi@^1.0.5
382 silly packumentCache full:https://registry.npmmirror.com/sisteransi cache-miss
383 http fetch GET 200 https://registry.npmmirror.com/@tanstack%2freact-virtual 104ms (cache miss)
384 silly packumentCache full:https://registry.npmmirror.com/@tanstack%2freact-virtual set size:81672 disposed:false
385 silly fetch manifest lru-cache@^6.0.0
386 silly packumentCache full:https://registry.npmmirror.com/lru-cache cache-miss
387 http fetch GET 200 https://registry.npmmirror.com/@svgr%2fcore 76ms (cache miss)
388 silly packumentCache full:https://registry.npmmirror.com/@svgr%2fcore set size:22796 disposed:false
389 http fetch GET 200 https://registry.npmmirror.com/kiwi-schema 67ms (cache miss)
390 silly packumentCache full:https://registry.npmmirror.com/kiwi-schema set size:20537 disposed:false
391 http fetch GET 200 https://registry.npmmirror.com/@remotion%2fweb-renderer 122ms (cache miss)
392 silly packumentCache full:https://registry.npmmirror.com/@remotion%2fweb-renderer set size:71587 disposed:false
393 http fetch GET 200 https://registry.npmmirror.com/recast 101ms (cache miss)
394 silly packumentCache full:https://registry.npmmirror.com/recast set size:85217 disposed:false
395 http fetch GET 200 https://registry.npmmirror.com/@remotion%2fstudio-protocol 48ms (cache miss)
396 silly packumentCache full:https://registry.npmmirror.com/@remotion%2fstudio-protocol set size:10693 disposed:false
397 silly packumentCache full:https://registry.npmmirror.com/@remotion%2fstudio-protocol dispose
398 http fetch GET 200 https://registry.npmmirror.com/kleur 43ms (cache miss)
399 silly packumentCache full:https://registry.npmmirror.com/kleur set size:10711 disposed:false
400 http fetch GET 200 https://registry.npmmirror.com/@svgr%2fplugin-jsx 60ms (cache miss)
401 silly packumentCache full:https://registry.npmmirror.com/@svgr%2fplugin-jsx set size:20199 disposed:false
402 http fetch GET 200 https://registry.npmmirror.com/sisteransi 42ms (cache miss)
403 silly packumentCache full:https://registry.npmmirror.com/sisteransi set size:5133 disposed:false
404 http fetch GET 200 https://registry.npmmirror.com/@babel%2ftypes 74ms (cache miss)
405 silly packumentCache full:https://registry.npmmirror.com/@babel%2ftypes set size:84618 disposed:false
406 http fetch GET 200 https://registry.npmmirror.com/@remotion%2fpaths 216ms (cache miss)
407 silly packumentCache full:https://registry.npmmirror.com/@remotion%2fpaths set size:342874 disposed:false
408 http fetch GET 200 https://registry.npmmirror.com/@remotion%2fzod-types 182ms (cache miss)
409 silly packumentCache full:https://registry.npmmirror.com/@remotion%2fzod-types set size:190255 disposed:false
410 http fetch GET 200 https://registry.npmmirror.com/lru-cache 59ms (cache miss)
411 silly packumentCache full:https://registry.npmmirror.com/lru-cache set size:109028 disposed:false
412 http fetch GET 200 https://registry.npmmirror.com/webpack 414ms (cache miss)
413 silly packumentCache full:https://registry.npmmirror.com/webpack set size:500373 disposed:false
414 http fetch GET 200 https://registry.npmmirror.com/@rspack%2fcore 436ms (cache miss)
415 silly packumentCache full:https://registry.npmmirror.com/@rspack%2fcore set size:746931 disposed:false
416 http fetch GET 200 https://registry.npmmirror.com/react-refresh 454ms (cache miss)
417 silly packumentCache full:https://registry.npmmirror.com/react-refresh set size:1205468 disposed:false
418 silly fetch manifest @swc/helpers@>=0.5.1
419 silly packumentCache full:https://registry.npmmirror.com/@swc%2fhelpers cache-miss
420 http fetch GET 200 https://registry.npmmirror.com/@swc%2fhelpers 33ms (cache miss)
421 silly packumentCache full:https://registry.npmmirror.com/@swc%2fhelpers set size:111256 disposed:false
422 silly fetch manifest webpack-hot-middleware@2.x
423 silly packumentCache full:https://registry.npmmirror.com/webpack-hot-middleware cache-miss
424 http fetch GET 200 https://registry.npmmirror.com/webpack-hot-middleware 22ms (cache miss)
425 silly packumentCache full:https://registry.npmmirror.com/webpack-hot-middleware set size:25537 disposed:false
426 silly placeDep ROOT @remotion/media-parser@4.0.529 OK for: @remotion/bundler@4.0.529 want: 4.0.529
427 silly placeDep ROOT @remotion/timeline-utils@4.0.529 OK for: @remotion/bundler@4.0.529 want: 4.0.529
428 silly placeDep ROOT @rspack/core@1.7.11 OK for: @remotion/bundler@4.0.529 want: 1.7.11
429 silly placeDep ROOT @rspack/plugin-react-refresh@1.6.1 OK for: @remotion/bundler@4.0.529 want: 1.6.1
430 silly placeDep ROOT react-refresh@0.18.0 OK for: @rspack/plugin-react-refresh@1.6.1 want: >=0.10.0 <1.0.0
431 silly placeDep ROOT css-loader@7.1.4 OK for: @remotion/bundler@4.0.529 want: 7.1.4
432 silly placeDep ROOT esbuild@0.28.1 OK for: @remotion/bundler@4.0.529 want: 0.28.1
433 silly placeDep ROOT style-loader@4.0.0 OK for: @remotion/bundler@4.0.529 want: 4.0.0
434 silly placeDep ROOT webpack@5.105.0 OK for: style-loader@4.0.0 want: ^5.27.0
435 silly fetch manifest @module-federation/runtime-tools@0.22.0
436 silly packumentCache full:https://registry.npmmirror.com/@module-federation%2fruntime-tools cache-miss
437 silly fetch manifest @rspack/lite-tapable@1.1.0
438 silly packumentCache full:https://registry.npmmirror.com/@rspack%2flite-tapable cache-miss
439 silly fetch manifest @rspack/binding@1.7.11
440 silly packumentCache full:https://registry.npmmirror.com/@rspack%2fbinding cache-miss
441 silly fetch manifest error-stack-parser@^2.1.4
442 silly packumentCache full:https://registry.npmmirror.com/error-stack-parser cache-miss
443 silly fetch manifest html-entities@^2.6.0
444 silly packumentCache full:https://registry.npmmirror.com/html-entities cache-miss
445 silly fetch manifest icss-utils@^5.1.0
446 silly packumentCache full:https://registry.npmmirror.com/icss-utils cache-miss
447 silly fetch manifest postcss@^8.4.40
448 silly packumentCache full:https://registry.npmmirror.com/postcss cache-miss
449 silly fetch manifest postcss-modules-extract-imports@^3.1.0
450 silly packumentCache full:https://registry.npmmirror.com/postcss-modules-extract-imports cache-miss
451 silly fetch manifest postcss-modules-local-by-default@^4.0.5
452 silly packumentCache full:https://registry.npmmirror.com/postcss-modules-local-by-default cache-miss
453 silly fetch manifest postcss-modules-scope@^3.2.0
454 silly packumentCache full:https://registry.npmmirror.com/postcss-modules-scope cache-miss
455 silly fetch manifest postcss-modules-values@^4.0.0
456 silly packumentCache full:https://registry.npmmirror.com/postcss-modules-values cache-miss
457 silly fetch manifest postcss-value-parser@^4.2.0
458 silly packumentCache full:https://registry.npmmirror.com/postcss-value-parser cache-miss
459 silly fetch manifest semver@^7.6.3
460 silly packumentCache full:https://registry.npmmirror.com/semver cache-hit
461 silly fetch manifest @esbuild/aix-ppc64@0.28.1
462 silly packumentCache full:https://registry.npmmirror.com/@esbuild%2faix-ppc64 cache-miss
463 silly fetch manifest @esbuild/android-arm@0.28.1
464 silly packumentCache full:https://registry.npmmirror.com/@esbuild%2fandroid-arm cache-miss
465 silly fetch manifest @esbuild/android-arm64@0.28.1
466 silly packumentCache full:https://registry.npmmirror.com/@esbuild%2fandroid-arm64 cache-miss
467 http fetch GET 200 https://registry.npmmirror.com/@esbuild%2faix-ppc64 48ms (cache miss)
468 silly packumentCache full:https://registry.npmmirror.com/@esbuild%2faix-ppc64 set size:16384 disposed:false
469 silly fetch manifest @esbuild/android-x64@0.28.1
470 silly packumentCache full:https://registry.npmmirror.com/@esbuild%2fandroid-x64 cache-miss
471 http fetch GET 200 https://registry.npmmirror.com/@rspack%2flite-tapable 53ms (cache miss)
472 silly packumentCache full:https://registry.npmmirror.com/@rspack%2flite-tapable set size:10244 disposed:false
473 silly fetch manifest @esbuild/darwin-arm64@0.28.1
474 silly packumentCache full:https://registry.npmmirror.com/@esbuild%2fdarwin-arm64 cache-miss
475 http fetch GET 200 https://registry.npmmirror.com/postcss-modules-extract-imports 55ms (cache miss)
476 silly packumentCache full:https://registry.npmmirror.com/postcss-modules-extract-imports set size:8166 disposed:false
477 silly fetch manifest @esbuild/darwin-x64@0.28.1
478 silly packumentCache full:https://registry.npmmirror.com/@esbuild%2fdarwin-x64 cache-miss
479 http fetch GET 200 https://registry.npmmirror.com/postcss-value-parser 58ms (cache miss)
480 silly packumentCache full:https://registry.npmmirror.com/postcss-value-parser set size:14115 disposed:false
481 silly fetch manifest @esbuild/freebsd-arm64@0.28.1
482 silly packumentCache full:https://registry.npmmirror.com/@esbuild%2ffreebsd-arm64 cache-miss
483 http fetch GET 200 https://registry.npmmirror.com/icss-utils 62ms (cache miss)
484 silly packumentCache full:https://registry.npmmirror.com/icss-utils set size:5691 disposed:false
485 silly fetch manifest @esbuild/freebsd-x64@0.28.1
486 silly packumentCache full:https://registry.npmmirror.com/@esbuild%2ffreebsd-x64 cache-miss
487 http fetch GET 200 https://registry.npmmirror.com/postcss-modules-local-by-default 62ms (cache miss)
488 silly packumentCache full:https://registry.npmmirror.com/postcss-modules-local-by-default set size:14837 disposed:false
489 silly fetch manifest @esbuild/linux-arm@0.28.1
490 silly packumentCache full:https://registry.npmmirror.com/@esbuild%2flinux-arm cache-miss
491 http fetch GET 200 https://registry.npmmirror.com/postcss-modules-values 63ms (cache miss)
492 silly packumentCache full:https://registry.npmmirror.com/postcss-modules-values set size:7425 disposed:false
493 silly fetch manifest @esbuild/linux-arm64@0.28.1
494 silly packumentCache full:https://registry.npmmirror.com/@esbuild%2flinux-arm64 cache-miss
495 http fetch GET 200 https://registry.npmmirror.com/error-stack-parser 68ms (cache miss)
496 silly packumentCache full:https://registry.npmmirror.com/error-stack-parser set size:17948 disposed:false
497 silly fetch manifest @esbuild/linux-ia32@0.28.1
498 silly packumentCache full:https://registry.npmmirror.com/@esbuild%2flinux-ia32 cache-miss
499 http fetch GET 200 https://registry.npmmirror.com/postcss-modules-scope 68ms (cache miss)
500 silly packumentCache full:https://registry.npmmirror.com/postcss-modules-scope set size:11508 disposed:false
501 silly fetch manifest @esbuild/linux-loong64@0.28.1
502 silly packumentCache full:https://registry.npmmirror.com/@esbuild%2flinux-loong64 cache-miss
503 http fetch GET 200 https://registry.npmmirror.com/html-entities 74ms (cache miss)
504 silly packumentCache full:https://registry.npmmirror.com/html-entities set size:21196 disposed:false
505 silly fetch manifest @esbuild/linux-mips64el@0.28.1
506 silly packumentCache full:https://registry.npmmirror.com/@esbuild%2flinux-mips64el cache-miss
507 http fetch GET 200 https://registry.npmmirror.com/@esbuild%2fandroid-arm64 76ms (cache miss)
508 silly packumentCache full:https://registry.npmmirror.com/@esbuild%2fandroid-arm64 set size:61638 disposed:false
509 silly fetch manifest @esbuild/linux-ppc64@0.28.1
510 silly packumentCache full:https://registry.npmmirror.com/@esbuild%2flinux-ppc64 cache-miss
511 http fetch GET 200 https://registry.npmmirror.com/@esbuild%2fandroid-arm 77ms (cache miss)
512 silly packumentCache full:https://registry.npmmirror.com/@esbuild%2fandroid-arm set size:71055 disposed:false
513 silly fetch manifest @esbuild/linux-riscv64@0.28.1
514 silly packumentCache full:https://registry.npmmirror.com/@esbuild%2flinux-riscv64 cache-miss
515 http fetch GET 200 https://registry.npmmirror.com/@esbuild%2fandroid-x64 54ms (cache miss)
516 silly packumentCache full:https://registry.npmmirror.com/@esbuild%2fandroid-x64 set size:60901 disposed:false
517 silly fetch manifest @esbuild/linux-s390x@0.28.1
518 silly packumentCache full:https://registry.npmmirror.com/@esbuild%2flinux-s390x cache-miss
519 http fetch GET 200 https://registry.npmmirror.com/postcss 108ms (cache miss)
520 silly packumentCache full:https://registry.npmmirror.com/postcss set size:103878 disposed:false
521 silly fetch manifest @esbuild/linux-x64@0.28.1
522 silly packumentCache full:https://registry.npmmirror.com/@esbuild%2flinux-x64 cache-miss
523 http fetch GET 200 https://registry.npmmirror.com/@esbuild%2fdarwin-x64 59ms (cache miss)
524 silly packumentCache full:https://registry.npmmirror.com/@esbuild%2fdarwin-x64 set size:60819 disposed:false
525 silly fetch manifest @esbuild/netbsd-arm64@0.28.1
526 silly packumentCache full:https://registry.npmmirror.com/@esbuild%2fnetbsd-arm64 cache-miss
527 http fetch GET 200 https://registry.npmmirror.com/@esbuild%2fdarwin-arm64 64ms (cache miss)
528 silly packumentCache full:https://registry.npmmirror.com/@esbuild%2fdarwin-arm64 set size:61122 disposed:false
529 silly fetch manifest @esbuild/netbsd-x64@0.28.1
530 silly packumentCache full:https://registry.npmmirror.com/@esbuild%2fnetbsd-x64 cache-miss
531 http fetch GET 200 https://registry.npmmirror.com/@esbuild%2ffreebsd-arm64 60ms (cache miss)
532 silly packumentCache full:https://registry.npmmirror.com/@esbuild%2ffreebsd-arm64 set size:60684 disposed:false
533 silly fetch manifest @esbuild/openbsd-arm64@0.28.1
534 silly packumentCache full:https://registry.npmmirror.com/@esbuild%2fopenbsd-arm64 cache-miss
535 http fetch GET 200 https://registry.npmmirror.com/@esbuild%2ffreebsd-x64 62ms (cache miss)
536 silly packumentCache full:https://registry.npmmirror.com/@esbuild%2ffreebsd-x64 set size:61069 disposed:false
537 silly fetch manifest @esbuild/openbsd-x64@0.28.1
538 silly packumentCache full:https://registry.npmmirror.com/@esbuild%2fopenbsd-x64 cache-miss
539 http fetch GET 200 https://registry.npmmirror.com/@esbuild%2flinux-arm 62ms (cache miss)
540 silly packumentCache full:https://registry.npmmirror.com/@esbuild%2flinux-arm set size:60364 disposed:false
541 silly fetch manifest @esbuild/openharmony-arm64@0.28.1
542 silly packumentCache full:https://registry.npmmirror.com/@esbuild%2fopenharmony-arm64 cache-miss
543 http fetch GET 200 https://registry.npmmirror.com/@esbuild%2flinux-ia32 65ms (cache miss)
544 silly packumentCache full:https://registry.npmmirror.com/@esbuild%2flinux-ia32 set size:60999 disposed:false
545 silly fetch manifest @esbuild/sunos-x64@0.28.1
546 silly packumentCache full:https://registry.npmmirror.com/@esbuild%2fsunos-x64 cache-miss
547 http fetch GET 200 https://registry.npmmirror.com/@esbuild%2flinux-arm64 76ms (cache miss)
548 silly packumentCache full:https://registry.npmmirror.com/@esbuild%2flinux-arm64 set size:60822 disposed:false
549 silly fetch manifest @esbuild/win32-arm64@0.28.1
550 silly packumentCache full:https://registry.npmmirror.com/@esbuild%2fwin32-arm64 cache-miss
551 http fetch GET 200 https://registry.npmmirror.com/@esbuild%2flinux-mips64el 73ms (cache miss)
552 silly packumentCache full:https://registry.npmmirror.com/@esbuild%2flinux-mips64el set size:61034 disposed:false
553 silly fetch manifest @esbuild/win32-ia32@0.28.1
554 silly packumentCache full:https://registry.npmmirror.com/@esbuild%2fwin32-ia32 cache-miss
555 http fetch GET 200 https://registry.npmmirror.com/@esbuild%2flinux-ppc64 70ms (cache miss)
556 silly packumentCache full:https://registry.npmmirror.com/@esbuild%2flinux-ppc64 set size:60775 disposed:false
557 silly fetch manifest @esbuild/win32-x64@0.28.1
558 silly packumentCache full:https://registry.npmmirror.com/@esbuild%2fwin32-x64 cache-miss
559 http fetch GET 200 https://registry.npmmirror.com/@esbuild%2flinux-loong64 86ms (cache miss)
560 silly packumentCache full:https://registry.npmmirror.com/@esbuild%2flinux-loong64 set size:80397 disposed:false
561 silly fetch manifest @types/eslint-scope@^3.7.7
562 silly packumentCache full:https://registry.npmmirror.com/@types%2feslint-scope cache-miss
563 http fetch GET 200 https://registry.npmmirror.com/@esbuild%2flinux-riscv64 78ms (cache miss)
564 silly packumentCache full:https://registry.npmmirror.com/@esbuild%2flinux-riscv64 set size:60990 disposed:false
565 silly fetch manifest @types/estree@^1.0.8
566 silly packumentCache full:https://registry.npmmirror.com/@types%2festree cache-miss
567 http fetch GET 200 https://registry.npmmirror.com/@esbuild%2fopenbsd-arm64 46ms (cache miss)
568 silly packumentCache full:https://registry.npmmirror.com/@esbuild%2fopenbsd-arm64 set size:11986 disposed:false
569 silly fetch manifest @types/json-schema@^7.0.15
570 silly packumentCache full:https://registry.npmmirror.com/@types%2fjson-schema cache-miss
571 http fetch GET 200 https://registry.npmmirror.com/@esbuild%2flinux-x64 59ms (cache miss)
572 silly packumentCache full:https://registry.npmmirror.com/@esbuild%2flinux-x64 set size:60807 disposed:false
573 silly fetch manifest @webassemblyjs/ast@^1.14.1
574 silly packumentCache full:https://registry.npmmirror.com/@webassemblyjs%2fast cache-miss
575 http fetch GET 200 https://registry.npmmirror.com/@esbuild%2flinux-s390x 67ms (cache miss)
576 silly packumentCache full:https://registry.npmmirror.com/@esbuild%2flinux-s390x set size:60989 disposed:false
577 silly fetch manifest @webassemblyjs/wasm-edit@^1.14.1
578 silly packumentCache full:https://registry.npmmirror.com/@webassemblyjs%2fwasm-edit cache-miss
579 http fetch GET 200 https://registry.npmmirror.com/@esbuild%2fnetbsd-arm64 61ms (cache miss)
580 silly packumentCache full:https://registry.npmmirror.com/@esbuild%2fnetbsd-arm64 set size:10871 disposed:false
581 silly fetch manifest @webassemblyjs/wasm-parser@^1.14.1
582 silly packumentCache full:https://registry.npmmirror.com/@webassemblyjs%2fwasm-parser cache-miss
583 http fetch GET 200 https://registry.npmmirror.com/@esbuild%2fopenharmony-arm64 54ms (cache miss)
584 silly packumentCache full:https://registry.npmmirror.com/@esbuild%2fopenharmony-arm64 set size:7958 disposed:false
585 silly fetch manifest acorn@^8.15.0
586 silly packumentCache full:https://registry.npmmirror.com/acorn cache-miss
587 http fetch GET 200 https://registry.npmmirror.com/@esbuild%2fnetbsd-x64 70ms (cache miss)
588 silly packumentCache full:https://registry.npmmirror.com/@esbuild%2fnetbsd-x64 set size:60909 disposed:false
589 silly fetch manifest acorn-import-phases@^1.0.3
590 silly packumentCache full:https://registry.npmmirror.com/acorn-import-phases cache-miss
591 http fetch GET 200 https://registry.npmmirror.com/@esbuild%2fopenbsd-x64 67ms (cache miss)
592 silly packumentCache full:https://registry.npmmirror.com/@esbuild%2fopenbsd-x64 set size:61016 disposed:false
593 silly fetch manifest browserslist@^4.28.1
594 silly packumentCache full:https://registry.npmmirror.com/browserslist cache-miss
595 http fetch GET 200 https://registry.npmmirror.com/@esbuild%2fsunos-x64 69ms (cache miss)
596 silly packumentCache full:https://registry.npmmirror.com/@esbuild%2fsunos-x64 set size:60980 disposed:false
597 silly fetch manifest chrome-trace-event@^1.0.2
598 silly packumentCache full:https://registry.npmmirror.com/chrome-trace-event cache-miss
599 http fetch GET 200 https://registry.npmmirror.com/@types%2feslint-scope 49ms (cache miss)
600 silly packumentCache full:https://registry.npmmirror.com/@types%2feslint-scope set size:7669 disposed:false
601 silly fetch manifest enhanced-resolve@^5.19.0
602 silly packumentCache full:https://registry.npmmirror.com/enhanced-resolve cache-miss
603 http fetch GET 200 https://registry.npmmirror.com/@esbuild%2fwin32-arm64 66ms (cache miss)
604 silly packumentCache full:https://registry.npmmirror.com/@esbuild%2fwin32-arm64 set size:60969 disposed:false
605 silly fetch manifest es-module-lexer@^2.0.0
606 silly packumentCache full:https://registry.npmmirror.com/es-module-lexer cache-miss
607 http fetch GET 200 https://registry.npmmirror.com/@types%2festree 53ms (cache miss)
608 silly packumentCache full:https://registry.npmmirror.com/@types%2festree set size:16478 disposed:false
609 silly fetch manifest eslint-scope@5.1.1
610 silly packumentCache full:https://registry.npmmirror.com/eslint-scope cache-miss
611 http fetch GET 200 https://registry.npmmirror.com/@esbuild%2fwin32-x64 66ms (cache miss)
612 silly packumentCache full:https://registry.npmmirror.com/@esbuild%2fwin32-x64 set size:60906 disposed:false
613 silly fetch manifest events@^3.2.0
614 silly packumentCache full:https://registry.npmmirror.com/events cache-miss
615 http fetch GET 200 https://registry.npmmirror.com/@esbuild%2fwin32-ia32 71ms (cache miss)
616 silly packumentCache full:https://registry.npmmirror.com/@esbuild%2fwin32-ia32 set size:61499 disposed:false
617 silly fetch manifest glob-to-regexp@^0.4.1
618 silly packumentCache full:https://registry.npmmirror.com/glob-to-regexp cache-miss
619 http fetch GET 200 https://registry.npmmirror.com/@types%2fjson-schema 56ms (cache miss)
620 silly packumentCache full:https://registry.npmmirror.com/@types%2fjson-schema set size:8356 disposed:false
621 silly fetch manifest graceful-fs@^4.2.11
622 silly packumentCache full:https://registry.npmmirror.com/graceful-fs cache-miss
623 http fetch GET 200 https://registry.npmmirror.com/acorn-import-phases 43ms (cache miss)
624 silly packumentCache full:https://registry.npmmirror.com/acorn-import-phases set size:2963 disposed:false
625 silly fetch manifest json-parse-even-better-errors@^2.3.1
626 silly packumentCache full:https://registry.npmmirror.com/json-parse-even-better-errors cache-miss
627 http fetch GET 200 https://registry.npmmirror.com/@webassemblyjs%2fwasm-parser 60ms (cache miss)
628 silly packumentCache full:https://registry.npmmirror.com/@webassemblyjs%2fwasm-parser set size:26874 disposed:false
629 silly fetch manifest loader-runner@^4.3.1
630 silly packumentCache full:https://registry.npmmirror.com/loader-runner cache-miss
631 http fetch GET 200 https://registry.npmmirror.com/@webassemblyjs%2fwasm-edit 74ms (cache miss)
632 silly packumentCache full:https://registry.npmmirror.com/@webassemblyjs%2fwasm-edit set size:25645 disposed:false
633 silly fetch manifest mime-types@^2.1.27
634 silly packumentCache full:https://registry.npmmirror.com/mime-types cache-miss
635 http fetch GET 200 https://registry.npmmirror.com/@webassemblyjs%2fast 77ms (cache miss)
636 silly packumentCache full:https://registry.npmmirror.com/@webassemblyjs%2fast set size:25638 disposed:false
637 silly fetch manifest neo-async@^2.6.2
638 silly packumentCache full:https://registry.npmmirror.com/neo-async cache-miss
639 http fetch GET 200 https://registry.npmmirror.com/chrome-trace-event 52ms (cache miss)
640 silly packumentCache full:https://registry.npmmirror.com/chrome-trace-event set size:4009 disposed:false
641 silly fetch manifest schema-utils@^4.3.3
642 silly packumentCache full:https://registry.npmmirror.com/schema-utils cache-miss
643 http fetch GET 200 https://registry.npmmirror.com/acorn 78ms (cache miss)
644 silly packumentCache full:https://registry.npmmirror.com/acorn set size:53496 disposed:false
645 silly fetch manifest tapable@^2.3.0
646 silly packumentCache full:https://registry.npmmirror.com/tapable cache-miss
647 http fetch GET 200 https://registry.npmmirror.com/events 52ms (cache miss)
648 silly packumentCache full:https://registry.npmmirror.com/events set size:6649 disposed:false
649 silly fetch manifest terser-webpack-plugin@^5.3.16
650 silly packumentCache full:https://registry.npmmirror.com/terser-webpack-plugin cache-miss
651 http fetch GET 200 https://registry.npmmirror.com/es-module-lexer 63ms (cache miss)
652 silly packumentCache full:https://registry.npmmirror.com/es-module-lexer set size:44803 disposed:false
653 silly fetch manifest watchpack@^2.5.1
654 silly packumentCache full:https://registry.npmmirror.com/watchpack cache-miss
655 http fetch GET 200 https://registry.npmmirror.com/browserslist 81ms (cache miss)
656 silly packumentCache full:https://registry.npmmirror.com/browserslist set size:78931 disposed:false
657 silly fetch manifest webpack-sources@^3.3.3
658 silly packumentCache full:https://registry.npmmirror.com/webpack-sources cache-miss
659 http fetch GET 200 https://registry.npmmirror.com/eslint-scope 64ms (cache miss)
660 silly packumentCache full:https://registry.npmmirror.com/eslint-scope set size:20122 disposed:false
661 http fetch GET 200 https://registry.npmmirror.com/glob-to-regexp 61ms (cache miss)
662 silly packumentCache full:https://registry.npmmirror.com/glob-to-regexp set size:4250 disposed:false
663 http fetch GET 200 https://registry.npmmirror.com/graceful-fs 60ms (cache miss)
664 silly packumentCache full:https://registry.npmmirror.com/graceful-fs set size:23015 disposed:false
665 http fetch GET 200 https://registry.npmmirror.com/json-parse-even-better-errors 54ms (cache miss)
666 silly packumentCache full:https://registry.npmmirror.com/json-parse-even-better-errors set size:8253 disposed:false
667 http fetch GET 200 https://registry.npmmirror.com/enhanced-resolve 87ms (cache miss)
668 silly packumentCache full:https://registry.npmmirror.com/enhanced-resolve set size:76204 disposed:false
669 http fetch GET 200 https://registry.npmmirror.com/loader-runner 60ms (cache miss)
670 silly packumentCache full:https://registry.npmmirror.com/loader-runner set size:8122 disposed:false
671 http fetch GET 200 https://registry.npmmirror.com/mime-types 52ms (cache miss)
672 silly packumentCache full:https://registry.npmmirror.com/mime-types set size:21367 disposed:false
673 http fetch GET 200 https://registry.npmmirror.com/neo-async 57ms (cache miss)
674 silly packumentCache full:https://registry.npmmirror.com/neo-async set size:23970 disposed:false
675 http fetch GET 200 https://registry.npmmirror.com/tapable 47ms (cache miss)
676 silly packumentCache full:https://registry.npmmirror.com/tapable set size:28216 disposed:false
677 http fetch GET 200 https://registry.npmmirror.com/watchpack 44ms (cache miss)
678 silly packumentCache full:https://registry.npmmirror.com/watchpack set size:25396 disposed:false
679 http fetch GET 200 https://registry.npmmirror.com/schema-utils 59ms (cache miss)
680 silly packumentCache full:https://registry.npmmirror.com/schema-utils set size:27928 disposed:false
681 http fetch GET 200 https://registry.npmmirror.com/terser-webpack-plugin 53ms (cache miss)
682 silly packumentCache full:https://registry.npmmirror.com/terser-webpack-plugin set size:59596 disposed:false
683 http fetch GET 200 https://registry.npmmirror.com/webpack-sources 48ms (cache miss)
684 silly packumentCache full:https://registry.npmmirror.com/webpack-sources set size:27007 disposed:false
685 http fetch GET 200 https://registry.npmmirror.com/@module-federation%2fruntime-tools 332ms (cache miss)
686 silly packumentCache full:https://registry.npmmirror.com/@module-federation%2fruntime-tools set size:490705 disposed:false
687 http fetch GET 200 https://registry.npmmirror.com/@rspack%2fbinding 350ms (cache miss)
688 silly packumentCache full:https://registry.npmmirror.com/@rspack%2fbinding set size:744478 disposed:false
689 silly placeDep ROOT mediabunny@1.56.1 OK for: @remotion/media-utils@4.0.529 want: 1.56.1
690 silly fetch manifest @types/dom-webcodecs@0.1.13
691 silly packumentCache full:https://registry.npmmirror.com/@types%2fdom-webcodecs cache-miss
692 silly fetch manifest @types/dom-mediacapture-transform@^0.1.11
693 silly packumentCache full:https://registry.npmmirror.com/@types%2fdom-mediacapture-transform cache-miss
694 http fetch GET 200 https://registry.npmmirror.com/@types%2fdom-webcodecs 27ms (cache miss)
695 silly packumentCache full:https://registry.npmmirror.com/@types%2fdom-webcodecs set size:12360 disposed:false
696 http fetch GET 200 https://registry.npmmirror.com/@types%2fdom-mediacapture-transform 34ms (cache miss)
697 silly packumentCache full:https://registry.npmmirror.com/@types%2fdom-mediacapture-transform set size:8781 disposed:false
698 silly fetch manifest bufferutil@^4.0.1
699 silly packumentCache full:https://registry.npmmirror.com/bufferutil cache-miss
700 http fetch GET 200 https://registry.npmmirror.com/bufferutil 89ms (cache miss)
701 silly packumentCache full:https://registry.npmmirror.com/bufferutil set size:11555 disposed:false
702 silly fetch manifest utf-8-validate@>=5.0.2
703 silly packumentCache full:https://registry.npmmirror.com/utf-8-validate cache-miss
704 http fetch GET 200 https://registry.npmmirror.com/utf-8-validate 27ms (cache miss)
705 silly packumentCache full:https://registry.npmmirror.com/utf-8-validate set size:17221 disposed:false
706 silly placeDep ROOT @remotion/compositor-darwin-arm64@4.0.529 OK for: @remotion/renderer@4.0.529 want: 4.0.529
707 silly placeDep ROOT @remotion/compositor-darwin-x64@4.0.529 OK for: @remotion/renderer@4.0.529 want: 4.0.529
708 silly placeDep ROOT @remotion/compositor-linux-arm64-gnu@4.0.529 OK for: @remotion/renderer@4.0.529 want: 4.0.529
709 silly placeDep ROOT @remotion/compositor-linux-arm64-musl@4.0.529 OK for: @remotion/renderer@4.0.529 want: 4.0.529
710 silly placeDep ROOT @remotion/compositor-linux-x64-gnu@4.0.529 OK for: @remotion/renderer@4.0.529 want: 4.0.529
711 silly placeDep ROOT @remotion/compositor-linux-x64-musl@4.0.529 OK for: @remotion/renderer@4.0.529 want: 4.0.529
712 silly placeDep ROOT @remotion/compositor-win32-x64-msvc@4.0.529 OK for: @remotion/renderer@4.0.529 want: 4.0.529
713 silly placeDep ROOT @remotion/licensing@4.0.529 OK for: @remotion/renderer@4.0.529 want: 4.0.529
714 silly placeDep ROOT @remotion/streaming@4.0.529 OK for: @remotion/renderer@4.0.529 want: 4.0.529
715 silly placeDep ROOT execa@5.1.1 OK for: @remotion/renderer@4.0.529 want: 5.1.1
716 silly placeDep ROOT source-map@0.8.0 OK for: @remotion/renderer@4.0.529 want: 0.8.0
717 silly placeDep ROOT ws@8.21.0 OK for: @remotion/renderer@4.0.529 want: 8.21.0
718 silly fetch manifest cross-spawn@^7.0.3
719 silly packumentCache full:https://registry.npmmirror.com/cross-spawn cache-miss
720 silly fetch manifest get-stream@^6.0.0
721 silly packumentCache full:https://registry.npmmirror.com/get-stream cache-miss
722 silly fetch manifest human-signals@^2.1.0
723 silly packumentCache full:https://registry.npmmirror.com/human-signals cache-miss
724 silly fetch manifest is-stream@^2.0.0
725 silly packumentCache full:https://registry.npmmirror.com/is-stream cache-miss
726 silly fetch manifest merge-stream@^2.0.0
727 silly packumentCache full:https://registry.npmmirror.com/merge-stream cache-miss
728 silly fetch manifest npm-run-path@^4.0.1
729 silly packumentCache full:https://registry.npmmirror.com/npm-run-path cache-miss
730 silly fetch manifest onetime@^5.1.2
731 silly packumentCache full:https://registry.npmmirror.com/onetime cache-miss
732 silly fetch manifest signal-exit@^3.0.3
733 silly packumentCache full:https://registry.npmmirror.com/signal-exit cache-miss
734 silly fetch manifest strip-final-newline@^2.0.0
735 silly packumentCache full:https://registry.npmmirror.com/strip-final-newline cache-miss
736 http fetch GET 200 https://registry.npmmirror.com/is-stream 34ms (cache miss)
737 silly packumentCache full:https://registry.npmmirror.com/is-stream set size:4048 disposed:false
738 http fetch GET 200 https://registry.npmmirror.com/onetime 38ms (cache miss)
739 silly packumentCache full:https://registry.npmmirror.com/onetime set size:6018 disposed:false
740 http fetch GET 200 https://registry.npmmirror.com/merge-stream 40ms (cache miss)
741 silly packumentCache full:https://registry.npmmirror.com/merge-stream set size:4859 disposed:false
742 http fetch GET 200 https://registry.npmmirror.com/get-stream 43ms (cache miss)
743 silly packumentCache full:https://registry.npmmirror.com/get-stream set size:11935 disposed:false
744 http fetch GET 200 https://registry.npmmirror.com/signal-exit 44ms (cache miss)
745 silly packumentCache full:https://registry.npmmirror.com/signal-exit set size:12845 disposed:false
746 http fetch GET 200 https://registry.npmmirror.com/cross-spawn 57ms (cache miss)
747 silly packumentCache full:https://registry.npmmirror.com/cross-spawn set size:19398 disposed:false
748 http fetch GET 200 https://registry.npmmirror.com/npm-run-path 58ms (cache miss)
749 silly packumentCache full:https://registry.npmmirror.com/npm-run-path set size:7005 disposed:false
750 http fetch GET 200 https://registry.npmmirror.com/human-signals 60ms (cache miss)
751 silly packumentCache full:https://registry.npmmirror.com/human-signals set size:12531 disposed:false
752 http fetch GET 200 https://registry.npmmirror.com/strip-final-newline 59ms (cache miss)
753 silly packumentCache full:https://registry.npmmirror.com/strip-final-newline set size:2568 disposed:false
754 silly placeDep ROOT @jridgewell/trace-mapping@0.3.31 OK for: @remotion/studio@4.0.529 want: 0.3.31
755 silly placeDep ROOT @remotion/canvas@4.0.529 OK for: @remotion/studio@4.0.529 want: 4.0.529
756 silly placeDep ROOT @remotion/captions@4.0.529 OK for: @remotion/studio@4.0.529 want: 4.0.529
757 silly placeDep ROOT @remotion/codemods@4.0.529 OK for: @remotion/studio@4.0.529 want: 4.0.529
758 silly placeDep ROOT @remotion/media@4.0.529 OK for: @remotion/studio@4.0.529 want: 4.0.529
759 silly placeDep ROOT @remotion/paths@4.0.529 OK for: @remotion/studio@4.0.529 want: 4.0.529
760 silly placeDep ROOT @remotion/studio-protocol@4.0.529 OK for: @remotion/studio@4.0.529 want: 4.0.529
761 silly placeDep ROOT @remotion/web-renderer@4.0.529 OK for: @remotion/studio@4.0.529 want: 4.0.529
762 silly placeDep ROOT @remotion/zod-types@4.0.529 OK for: @remotion/studio@4.0.529 want: 4.0.529
763 silly placeDep ROOT @tanstack/react-virtual@3.14.9 OK for: @remotion/studio@4.0.529 want: 3.14.9
764 silly placeDep ROOT memfs@3.4.3 OK for: @remotion/studio@4.0.529 want: 3.4.3
765 silly placeDep ROOT open@8.4.2 OK for: @remotion/studio@4.0.529 want: 8.4.2
766 silly placeDep ROOT prismjs@1.30.0 OK for: @remotion/studio@4.0.529 want: 1.30.0
767 silly placeDep node_modules/@remotion/studio zod@4.5.4 OK for: @remotion/studio@4.0.529 want: 4.5.4
768 silly fetch manifest @jridgewell/resolve-uri@^3.1.0
769 silly packumentCache full:https://registry.npmmirror.com/@jridgewell%2fresolve-uri cache-miss
770 silly fetch manifest @jridgewell/sourcemap-codec@^1.4.14
771 silly packumentCache full:https://registry.npmmirror.com/@jridgewell%2fsourcemap-codec cache-miss
772 silly fetch manifest ast-types@0.16.1
773 silly packumentCache full:https://registry.npmmirror.com/ast-types cache-miss
774 silly fetch manifest @mediabunny/aac-encoder@1.56.1
775 silly packumentCache full:https://registry.npmmirror.com/@mediabunny%2faac-encoder cache-miss
776 silly fetch manifest @mediabunny/mp3-encoder@1.56.1
777 silly packumentCache full:https://registry.npmmirror.com/@mediabunny%2fmp3-encoder cache-miss
778 silly fetch manifest @mediabunny/flac-encoder@1.56.1
779 silly packumentCache full:https://registry.npmmirror.com/@mediabunny%2fflac-encoder cache-miss
780 silly fetch manifest @tanstack/virtual-core@3.17.7
781 silly packumentCache full:https://registry.npmmirror.com/@tanstack%2fvirtual-core cache-miss
782 silly fetch manifest fs-monkey@1.0.3
783 silly packumentCache full:https://registry.npmmirror.com/fs-monkey cache-miss
784 silly fetch manifest define-lazy-prop@^2.0.0
785 silly packumentCache full:https://registry.npmmirror.com/define-lazy-prop cache-miss
786 silly fetch manifest is-docker@^2.1.1
787 silly packumentCache full:https://registry.npmmirror.com/is-docker cache-miss
788 silly fetch manifest is-wsl@^2.2.0
789 silly packumentCache full:https://registry.npmmirror.com/is-wsl cache-miss
790 http fetch GET 200 https://registry.npmmirror.com/is-docker 34ms (cache miss)
791 silly packumentCache full:https://registry.npmmirror.com/is-docker set size:4173 disposed:false
792 http fetch GET 200 https://registry.npmmirror.com/define-lazy-prop 37ms (cache miss)
793 silly packumentCache full:https://registry.npmmirror.com/define-lazy-prop set size:2335 disposed:false
794 http fetch GET 200 https://registry.npmmirror.com/is-wsl 37ms (cache miss)
795 silly packumentCache full:https://registry.npmmirror.com/is-wsl set size:4176 disposed:false
796 http fetch GET 200 https://registry.npmmirror.com/fs-monkey 39ms (cache miss)
797 silly packumentCache full:https://registry.npmmirror.com/fs-monkey set size:8275 disposed:false
798 http fetch GET 200 https://registry.npmmirror.com/@jridgewell%2fsourcemap-codec 42ms (cache miss)
799 silly packumentCache full:https://registry.npmmirror.com/@jridgewell%2fsourcemap-codec set size:15820 disposed:false
800 http fetch GET 200 https://registry.npmmirror.com/@mediabunny%2fflac-encoder 45ms (cache miss)
801 silly packumentCache full:https://registry.npmmirror.com/@mediabunny%2fflac-encoder set size:29659 disposed:false
802 http fetch GET 200 https://registry.npmmirror.com/ast-types 49ms (cache miss)
803 silly packumentCache full:https://registry.npmmirror.com/ast-types set size:53798 disposed:false
804 http fetch GET 200 https://registry.npmmirror.com/@mediabunny%2faac-encoder 52ms (cache miss)
805 silly packumentCache full:https://registry.npmmirror.com/@mediabunny%2faac-encoder set size:30201 disposed:false
806 http fetch GET 200 https://registry.npmmirror.com/@tanstack%2fvirtual-core 55ms (cache miss)
807 silly packumentCache full:https://registry.npmmirror.com/@tanstack%2fvirtual-core set size:74630 disposed:false
808 http fetch GET 200 https://registry.npmmirror.com/@jridgewell%2fresolve-uri 58ms (cache miss)
809 silly packumentCache full:https://registry.npmmirror.com/@jridgewell%2fresolve-uri set size:14497 disposed:false
810 http fetch GET 200 https://registry.npmmirror.com/@mediabunny%2fmp3-encoder 59ms (cache miss)
811 silly packumentCache full:https://registry.npmmirror.com/@mediabunny%2fmp3-encoder set size:60541 disposed:false
812 silly placeDep ROOT @jridgewell/resolve-uri@3.1.2 OK for: @jridgewell/trace-mapping@0.3.31 want: ^3.1.0
813 silly placeDep ROOT @jridgewell/sourcemap-codec@1.6.0 OK for: @jridgewell/trace-mapping@0.3.31 want: ^1.4.14
814 silly placeDep ROOT @babel/types@7.24.0 OK for: @remotion/codemods@4.0.529 want: 7.24.0
815 silly placeDep ROOT ast-types@0.16.1 OK for: @remotion/codemods@4.0.529 want: 0.16.1
816 silly placeDep ROOT recast@0.23.21 OK for: @remotion/codemods@4.0.529 want: 0.23.21
817 silly fetch manifest @babel/helper-string-parser@^7.23.4
818 silly packumentCache full:https://registry.npmmirror.com/@babel%2fhelper-string-parser cache-miss
819 silly fetch manifest @babel/helper-validator-identifier@^7.22.20
820 silly packumentCache full:https://registry.npmmirror.com/@babel%2fhelper-validator-identifier cache-miss
821 silly fetch manifest to-fast-properties@^2.0.0
822 silly packumentCache full:https://registry.npmmirror.com/to-fast-properties cache-miss
823 silly fetch manifest tslib@^2.0.1
824 silly packumentCache full:https://registry.npmmirror.com/tslib cache-hit
825 silly fetch manifest tslib@^2.0.1
826 silly packumentCache full:https://registry.npmmirror.com/tslib cache-hit
827 silly fetch manifest esprima@~4.0.0
828 silly packumentCache full:https://registry.npmmirror.com/esprima cache-miss
829 silly fetch manifest source-map@~0.6.1
830 silly packumentCache full:https://registry.npmmirror.com/source-map cache-hit
831 silly fetch manifest tiny-invariant@^1.3.3
832 silly packumentCache full:https://registry.npmmirror.com/tiny-invariant cache-miss
833 http fetch GET 200 https://registry.npmmirror.com/tiny-invariant 25ms (cache miss)
834 silly packumentCache full:https://registry.npmmirror.com/tiny-invariant set size:14603 disposed:false
835 http fetch GET 200 https://registry.npmmirror.com/@babel%2fhelper-string-parser 29ms (cache miss)
836 silly packumentCache full:https://registry.npmmirror.com/@babel%2fhelper-string-parser set size:21710 disposed:false
837 http fetch GET 200 https://registry.npmmirror.com/esprima 30ms (cache miss)
838 silly packumentCache full:https://registry.npmmirror.com/esprima set size:16770 disposed:false
839 http fetch GET 200 https://registry.npmmirror.com/@babel%2fhelper-validator-identifier 32ms (cache miss)
840 silly packumentCache full:https://registry.npmmirror.com/@babel%2fhelper-validator-identifier set size:26460 disposed:false
841 http fetch GET 200 https://registry.npmmirror.com/to-fast-properties 43ms (cache miss)
842 silly packumentCache full:https://registry.npmmirror.com/to-fast-properties set size:3256 disposed:false
843 silly placeDep ROOT @babel/helper-string-parser@7.29.7 OK for: @babel/types@7.24.0 want: ^7.23.4
844 silly placeDep ROOT @babel/helper-validator-identifier@7.29.7 OK for: @babel/types@7.24.0 want: ^7.22.20
845 silly placeDep ROOT to-fast-properties@2.0.0 OK for: @babel/types@7.24.0 want: ^2.0.0
846 silly placeDep node_modules/@remotion/media zod@4.5.4 OK for: @remotion/media@4.0.529 want: 4.5.4
847 silly placeDep node_modules/@remotion/studio-protocol zod@4.5.4 OK for: @remotion/studio-protocol@4.0.529 want: 4.5.4
848 silly placeDep ROOT @svgr/core@8.1.0 OK for: @remotion/studio-server@4.0.529 want: 8.1.0
849 silly placeDep ROOT @svgr/plugin-jsx@8.1.0 OK for: @remotion/studio-server@4.0.529 want: 8.1.0
850 silly placeDep ROOT kiwi-schema@0.5.0 OK for: @remotion/studio-server@4.0.529 want: 0.5.0
851 silly placeDep node_modules/@remotion/studio-server zod@4.5.4 OK for: @remotion/studio-server@4.0.529 want: 4.5.4
852 silly fetch manifest @babel/core@^7.21.3
853 silly packumentCache full:https://registry.npmmirror.com/@babel%2fcore cache-miss
854 silly fetch manifest @svgr/babel-preset@8.1.0
855 silly packumentCache full:https://registry.npmmirror.com/@svgr%2fbabel-preset cache-miss
856 silly fetch manifest camelcase@^6.2.0
857 silly packumentCache full:https://registry.npmmirror.com/camelcase cache-miss
858 silly fetch manifest cosmiconfig@^8.1.3
859 silly packumentCache full:https://registry.npmmirror.com/cosmiconfig cache-miss
860 silly fetch manifest snake-case@^3.0.4
861 silly packumentCache full:https://registry.npmmirror.com/snake-case cache-miss
862 silly fetch manifest @babel/core@^7.21.3
863 silly packumentCache full:https://registry.npmmirror.com/@babel%2fcore cache-miss
864 silly fetch manifest @svgr/babel-preset@8.1.0
865 silly packumentCache full:https://registry.npmmirror.com/@svgr%2fbabel-preset cache-miss
866 silly fetch manifest @svgr/hast-util-to-babel-ast@8.0.0
867 silly packumentCache full:https://registry.npmmirror.com/@svgr%2fhast-util-to-babel-ast cache-miss
868 silly fetch manifest svg-parser@^2.0.4
869 silly packumentCache full:https://registry.npmmirror.com/svg-parser cache-miss
870 http fetch GET 200 https://registry.npmmirror.com/cosmiconfig 33ms (cache miss)
871 silly packumentCache full:https://registry.npmmirror.com/cosmiconfig set size:42075 disposed:false
872 http fetch GET 200 https://registry.npmmirror.com/@babel%2fcore 36ms (cache miss)
873 silly packumentCache full:https://registry.npmmirror.com/@babel%2fcore set size:113712 disposed:false
874 http fetch GET 200 https://registry.npmmirror.com/@babel%2fcore 41ms (cache miss)
875 silly packumentCache full:https://registry.npmmirror.com/@babel%2fcore set size:113712 disposed:false
876 silly packumentCache full:https://registry.npmmirror.com/@babel%2fcore dispose
877 http fetch GET 200 https://registry.npmmirror.com/snake-case 98ms (cache miss)
878 silly packumentCache full:https://registry.npmmirror.com/snake-case set size:6235 disposed:false
879 http fetch GET 200 https://registry.npmmirror.com/camelcase 105ms (cache miss)
880 silly packumentCache full:https://registry.npmmirror.com/camelcase set size:12780 disposed:false
881 http fetch GET 200 https://registry.npmmirror.com/@svgr%2fhast-util-to-babel-ast 111ms (cache miss)
882 silly packumentCache full:https://registry.npmmirror.com/@svgr%2fhast-util-to-babel-ast set size:13749 disposed:false
883 http fetch GET 200 https://registry.npmmirror.com/@svgr%2fbabel-preset 144ms (cache miss)
884 silly packumentCache full:https://registry.npmmirror.com/@svgr%2fbabel-preset set size:17396 disposed:false
885 http fetch GET 200 https://registry.npmmirror.com/@svgr%2fbabel-preset 145ms (cache miss)
886 silly packumentCache full:https://registry.npmmirror.com/@svgr%2fbabel-preset set size:17396 disposed:false
887 silly packumentCache full:https://registry.npmmirror.com/@svgr%2fbabel-preset dispose
888 http fetch GET 200 https://registry.npmmirror.com/svg-parser 146ms (cache miss)
889 silly packumentCache full:https://registry.npmmirror.com/svg-parser set size:7549 disposed:false
890 silly placeDep ROOT @mediabunny/aac-encoder@1.56.1 OK for: @remotion/web-renderer@4.0.529 want: 1.56.1
891 silly placeDep ROOT @mediabunny/flac-encoder@1.56.1 OK for: @remotion/web-renderer@4.0.529 want: 1.56.1
892 silly placeDep ROOT @mediabunny/mp3-encoder@1.56.1 OK for: @remotion/web-renderer@4.0.529 want: 1.56.1
893 silly placeDep ROOT @module-federation/runtime-tools@0.22.0 OK for: @rspack/core@1.7.11 want: 0.22.0
894 silly placeDep ROOT @rspack/binding@1.7.11 OK for: @rspack/core@1.7.11 want: 1.7.11
895 silly placeDep ROOT @rspack/lite-tapable@1.1.0 OK for: @rspack/core@1.7.11 want: 1.1.0
896 silly fetch manifest @module-federation/webpack-bundler-runtime@0.22.0
897 silly packumentCache full:https://registry.npmmirror.com/@module-federation%2fwebpack-bundler-runtime cache-miss
898 silly fetch manifest @module-federation/runtime@0.22.0
899 silly packumentCache full:https://registry.npmmirror.com/@module-federation%2fruntime cache-miss
900 silly fetch manifest @rspack/binding-darwin-arm64@1.7.11
901 silly packumentCache full:https://registry.npmmirror.com/@rspack%2fbinding-darwin-arm64 cache-miss
902 silly fetch manifest @rspack/binding-win32-arm64-msvc@1.7.11
903 silly packumentCache full:https://registry.npmmirror.com/@rspack%2fbinding-win32-arm64-msvc cache-miss
904 silly fetch manifest @rspack/binding-linux-arm64-musl@1.7.11
905 silly packumentCache full:https://registry.npmmirror.com/@rspack%2fbinding-linux-arm64-musl cache-miss
906 silly fetch manifest @rspack/binding-linux-arm64-gnu@1.7.11
907 silly packumentCache full:https://registry.npmmirror.com/@rspack%2fbinding-linux-arm64-gnu cache-miss
908 silly fetch manifest @rspack/binding-win32-ia32-msvc@1.7.11
909 silly packumentCache full:https://registry.npmmirror.com/@rspack%2fbinding-win32-ia32-msvc cache-miss
910 silly fetch manifest @rspack/binding-darwin-x64@1.7.11
911 silly packumentCache full:https://registry.npmmirror.com/@rspack%2fbinding-darwin-x64 cache-miss
912 silly fetch manifest @rspack/binding-win32-x64-msvc@1.7.11
913 silly packumentCache full:https://registry.npmmirror.com/@rspack%2fbinding-win32-x64-msvc cache-miss
914 silly fetch manifest @rspack/binding-wasm32-wasi@1.7.11
915 silly packumentCache full:https://registry.npmmirror.com/@rspack%2fbinding-wasm32-wasi cache-miss
916 silly fetch manifest @rspack/binding-linux-x64-gnu@1.7.11
917 silly packumentCache full:https://registry.npmmirror.com/@rspack%2fbinding-linux-x64-gnu cache-miss
918 silly fetch manifest @rspack/binding-linux-x64-musl@1.7.11
919 silly packumentCache full:https://registry.npmmirror.com/@rspack%2fbinding-linux-x64-musl cache-miss
920 http fetch GET 200 https://registry.npmmirror.com/@rspack%2fbinding-wasm32-wasi 62ms (cache miss)
921 silly packumentCache full:https://registry.npmmirror.com/@rspack%2fbinding-wasm32-wasi set size:38634 disposed:false
922 http fetch GET 200 https://registry.npmmirror.com/@rspack%2fbinding-linux-x64-gnu 89ms (cache miss)
923 silly packumentCache full:https://registry.npmmirror.com/@rspack%2fbinding-linux-x64-gnu set size:519797 disposed:false
924 http fetch GET 200 https://registry.npmmirror.com/@rspack%2fbinding-win32-ia32-msvc 135ms (cache miss)
925 silly packumentCache full:https://registry.npmmirror.com/@rspack%2fbinding-win32-ia32-msvc set size:286324 disposed:false
926 http fetch GET 200 https://registry.npmmirror.com/@rspack%2fbinding-linux-arm64-gnu 152ms (cache miss)
927 silly packumentCache full:https://registry.npmmirror.com/@rspack%2fbinding-linux-arm64-gnu set size:287408 disposed:false
928 http fetch GET 200 https://registry.npmmirror.com/@rspack%2fbinding-linux-arm64-musl 161ms (cache miss)
929 silly packumentCache full:https://registry.npmmirror.com/@rspack%2fbinding-linux-arm64-musl set size:286019 disposed:false
930 http fetch GET 200 https://registry.npmmirror.com/@rspack%2fbinding-linux-x64-musl 171ms (cache miss)
931 silly packumentCache full:https://registry.npmmirror.com/@rspack%2fbinding-linux-x64-musl set size:287132 disposed:false
932 http fetch GET 200 https://registry.npmmirror.com/@module-federation%2fruntime 183ms (cache miss)
933 silly packumentCache full:https://registry.npmmirror.com/@module-federation%2fruntime set size:517264 disposed:false
934 http fetch GET 200 https://registry.npmmirror.com/@rspack%2fbinding-win32-x64-msvc 197ms (cache miss)
935 silly packumentCache full:https://registry.npmmirror.com/@rspack%2fbinding-win32-x64-msvc set size:481226 disposed:false
936 http fetch GET 200 https://registry.npmmirror.com/@rspack%2fbinding-darwin-x64 210ms (cache miss)
937 silly packumentCache full:https://registry.npmmirror.com/@rspack%2fbinding-darwin-x64 set size:523021 disposed:false
938 http fetch GET 200 https://registry.npmmirror.com/@rspack%2fbinding-darwin-arm64 219ms (cache miss)
939 silly packumentCache full:https://registry.npmmirror.com/@rspack%2fbinding-darwin-arm64 set size:521675 disposed:false
940 http fetch GET 200 https://registry.npmmirror.com/@rspack%2fbinding-win32-arm64-msvc 227ms (cache miss)
941 silly packumentCache full:https://registry.npmmirror.com/@rspack%2fbinding-win32-arm64-msvc set size:288002 disposed:false
942 http fetch GET 200 https://registry.npmmirror.com/@module-federation%2fwebpack-bundler-runtime 233ms (cache miss)
943 silly packumentCache full:https://registry.npmmirror.com/@module-federation%2fwebpack-bundler-runtime set size:497169 disposed:false
944 silly placeDep ROOT @module-federation/runtime@0.22.0 OK for: @module-federation/runtime-tools@0.22.0 want: 0.22.0
945 silly placeDep ROOT @module-federation/webpack-bundler-runtime@0.22.0 OK for: @module-federation/runtime-tools@0.22.0 want: 0.22.0
946 silly fetch manifest @module-federation/runtime-core@0.22.0
947 silly packumentCache full:https://registry.npmmirror.com/@module-federation%2fruntime-core cache-miss
948 silly fetch manifest @module-federation/error-codes@0.22.0
949 silly packumentCache full:https://registry.npmmirror.com/@module-federation%2ferror-codes cache-miss
950 silly fetch manifest @module-federation/sdk@0.22.0
951 silly packumentCache full:https://registry.npmmirror.com/@module-federation%2fsdk cache-miss
952 silly fetch manifest @module-federation/sdk@0.22.0
953 silly packumentCache full:https://registry.npmmirror.com/@module-federation%2fsdk cache-miss
954 http fetch GET 200 https://registry.npmmirror.com/@module-federation%2fruntime-core 54ms (cache miss)
955 silly packumentCache full:https://registry.npmmirror.com/@module-federation%2fruntime-core set size:230888 disposed:false
956 http fetch GET 200 https://registry.npmmirror.com/@module-federation%2ferror-codes 64ms (cache miss)
957 silly packumentCache full:https://registry.npmmirror.com/@module-federation%2ferror-codes set size:248619 disposed:false
958 http fetch GET 200 https://registry.npmmirror.com/@module-federation%2fsdk 100ms (cache miss)
959 silly packumentCache full:https://registry.npmmirror.com/@module-federation%2fsdk set size:471814 disposed:false
960 http fetch GET 200 https://registry.npmmirror.com/@module-federation%2fsdk 111ms (cache miss)
961 silly packumentCache full:https://registry.npmmirror.com/@module-federation%2fsdk set size:471814 disposed:false
962 silly packumentCache full:https://registry.npmmirror.com/@module-federation%2fsdk dispose
963 silly placeDep ROOT @module-federation/error-codes@0.22.0 OK for: @module-federation/runtime@0.22.0 want: 0.22.0
964 silly placeDep ROOT @module-federation/runtime-core@0.22.0 OK for: @module-federation/runtime@0.22.0 want: 0.22.0
965 silly placeDep ROOT @module-federation/sdk@0.22.0 OK for: @module-federation/runtime@0.22.0 want: 0.22.0
966 silly placeDep ROOT @rspack/binding-darwin-arm64@1.7.11 OK for: @rspack/binding@1.7.11 want: 1.7.11
967 silly placeDep ROOT @rspack/binding-darwin-x64@1.7.11 OK for: @rspack/binding@1.7.11 want: 1.7.11
968 silly placeDep ROOT @rspack/binding-linux-arm64-gnu@1.7.11 OK for: @rspack/binding@1.7.11 want: 1.7.11
969 silly placeDep ROOT @rspack/binding-linux-arm64-musl@1.7.11 OK for: @rspack/binding@1.7.11 want: 1.7.11
970 silly placeDep ROOT @rspack/binding-linux-x64-gnu@1.7.11 OK for: @rspack/binding@1.7.11 want: 1.7.11
971 silly placeDep ROOT @rspack/binding-linux-x64-musl@1.7.11 OK for: @rspack/binding@1.7.11 want: 1.7.11
972 silly placeDep ROOT @rspack/binding-wasm32-wasi@1.7.11 OK for: @rspack/binding@1.7.11 want: 1.7.11
973 silly placeDep ROOT @rspack/binding-win32-arm64-msvc@1.7.11 OK for: @rspack/binding@1.7.11 want: 1.7.11
974 silly placeDep ROOT @rspack/binding-win32-ia32-msvc@1.7.11 OK for: @rspack/binding@1.7.11 want: 1.7.11
975 silly placeDep ROOT @rspack/binding-win32-x64-msvc@1.7.11 OK for: @rspack/binding@1.7.11 want: 1.7.11
976 silly fetch manifest @napi-rs/wasm-runtime@1.0.7
977 silly packumentCache full:https://registry.npmmirror.com/@napi-rs%2fwasm-runtime cache-miss
978 http fetch GET 200 https://registry.npmmirror.com/@napi-rs%2fwasm-runtime 24ms (cache miss)
979 silly packumentCache full:https://registry.npmmirror.com/@napi-rs%2fwasm-runtime set size:16428 disposed:false
980 silly placeDep ROOT @napi-rs/wasm-runtime@1.0.7 OK for: @rspack/binding-wasm32-wasi@1.7.11 want: 1.0.7
981 silly fetch manifest @emnapi/core@^1.5.0
982 silly packumentCache full:https://registry.npmmirror.com/@emnapi%2fcore cache-miss
983 silly fetch manifest @emnapi/runtime@^1.5.0
984 silly packumentCache full:https://registry.npmmirror.com/@emnapi%2fruntime cache-miss
985 silly fetch manifest @tybys/wasm-util@^0.10.1
986 silly packumentCache full:https://registry.npmmirror.com/@tybys%2fwasm-util cache-miss
987 http fetch GET 200 https://registry.npmmirror.com/@tybys%2fwasm-util 24ms (cache miss)
988 silly packumentCache full:https://registry.npmmirror.com/@tybys%2fwasm-util set size:17643 disposed:false
989 http fetch GET 200 https://registry.npmmirror.com/@emnapi%2fcore 26ms (cache miss)
990 silly packumentCache full:https://registry.npmmirror.com/@emnapi%2fcore set size:30475 disposed:false
991 http fetch GET 200 https://registry.npmmirror.com/@emnapi%2fruntime 29ms (cache miss)
992 silly packumentCache full:https://registry.npmmirror.com/@emnapi%2fruntime set size:30731 disposed:false
993 silly placeDep ROOT @emnapi/core@1.11.3 OK for: @napi-rs/wasm-runtime@1.0.7 want: ^1.5.0
994 silly placeDep ROOT @emnapi/runtime@1.11.3 OK for: @napi-rs/wasm-runtime@1.0.7 want: ^1.5.0
995 silly placeDep ROOT @tybys/wasm-util@0.10.4 OK for: @napi-rs/wasm-runtime@1.0.7 want: ^0.10.1
996 silly fetch manifest tslib@^2.4.0
997 silly packumentCache full:https://registry.npmmirror.com/tslib cache-hit
998 silly fetch manifest @emnapi/wasi-threads@1.2.3
999 silly packumentCache full:https://registry.npmmirror.com/@emnapi%2fwasi-threads cache-miss
1000 silly fetch manifest tslib@^2.4.0
1001 silly packumentCache full:https://registry.npmmirror.com/tslib cache-hit
1002 silly fetch manifest tslib@^2.4.0
1003 silly packumentCache full:https://registry.npmmirror.com/tslib cache-hit
1004 http fetch GET 200 https://registry.npmmirror.com/@emnapi%2fwasi-threads 26ms (cache miss)
1005 silly packumentCache full:https://registry.npmmirror.com/@emnapi%2fwasi-threads set size:8477 disposed:false
1006 silly placeDep ROOT @emnapi/wasi-threads@1.2.3 OK for: @emnapi/core@1.11.3 want: 1.2.3
1007 silly placeDep ROOT tslib@2.8.1 OK for: @emnapi/core@1.11.3 want: ^2.4.0
1008 silly placeDep ROOT error-stack-parser@2.1.4 OK for: @rspack/plugin-react-refresh@1.6.1 want: ^2.1.4
1009 silly placeDep ROOT html-entities@2.6.0 OK for: @rspack/plugin-react-refresh@1.6.1 want: ^2.6.0
1010 silly fetch manifest stackframe@^1.3.4
1011 silly packumentCache full:https://registry.npmmirror.com/stackframe cache-miss
1012 http fetch GET 200 https://registry.npmmirror.com/stackframe 28ms (cache miss)
1013 silly packumentCache full:https://registry.npmmirror.com/stackframe set size:12994 disposed:false
1014 silly fetch manifest typescript@>=4.9.5
1015 silly packumentCache full:https://registry.npmmirror.com/typescript cache-miss
1016 http cache https://registry.npmmirror.com/typescript 23ms (cache hit)
1017 silly packumentCache full:https://registry.npmmirror.com/typescript set size:14986863 disposed:false
1018 silly placeDep ROOT @babel/core@7.29.7 OK for: @svgr/core@8.1.0 want: ^7.21.3
1019 silly placeDep ROOT @svgr/babel-preset@8.1.0 OK for: @svgr/core@8.1.0 want: 8.1.0
1020 silly placeDep ROOT camelcase@6.3.0 OK for: @svgr/core@8.1.0 want: ^6.2.0
1021 silly placeDep ROOT cosmiconfig@8.3.6 OK for: @svgr/core@8.1.0 want: ^8.1.3
1022 silly placeDep ROOT snake-case@3.0.4 OK for: @svgr/core@8.1.0 want: ^3.0.4
1023 silly fetch manifest @babel/code-frame@^7.29.7
1024 silly packumentCache full:https://registry.npmmirror.com/@babel%2fcode-frame cache-miss
1025 silly fetch manifest @babel/generator@^7.29.7
1026 silly packumentCache full:https://registry.npmmirror.com/@babel%2fgenerator cache-miss
1027 silly fetch manifest @babel/helper-compilation-targets@^7.29.7
1028 silly packumentCache full:https://registry.npmmirror.com/@babel%2fhelper-compilation-targets cache-miss
1029 silly fetch manifest @babel/helper-module-transforms@^7.29.7
1030 silly packumentCache full:https://registry.npmmirror.com/@babel%2fhelper-module-transforms cache-miss
1031 silly fetch manifest @babel/helpers@^7.29.7
1032 silly packumentCache full:https://registry.npmmirror.com/@babel%2fhelpers cache-miss
1033 silly fetch manifest @babel/parser@^7.29.7
1034 silly packumentCache full:https://registry.npmmirror.com/@babel%2fparser cache-hit
1035 silly fetch manifest @babel/template@^7.29.7
1036 silly packumentCache full:https://registry.npmmirror.com/@babel%2ftemplate cache-miss
1037 silly fetch manifest @babel/traverse@^7.29.7
1038 silly packumentCache full:https://registry.npmmirror.com/@babel%2ftraverse cache-miss
1039 silly fetch manifest @babel/types@^7.29.7
1040 silly packumentCache full:https://registry.npmmirror.com/@babel%2ftypes cache-hit
1041 silly fetch manifest @jridgewell/remapping@^2.3.5
1042 silly packumentCache full:https://registry.npmmirror.com/@jridgewell%2fremapping cache-miss
1043 silly fetch manifest convert-source-map@^2.0.0
1044 silly packumentCache full:https://registry.npmmirror.com/convert-source-map cache-miss
1045 silly fetch manifest debug@^4.1.0
1046 silly packumentCache full:https://registry.npmmirror.com/debug cache-miss
1047 silly fetch manifest gensync@^1.0.0-beta.2
1048 silly packumentCache full:https://registry.npmmirror.com/gensync cache-miss
1049 silly fetch manifest json5@^2.2.3
1050 silly packumentCache full:https://registry.npmmirror.com/json5 cache-miss
1051 silly fetch manifest semver@^6.3.1
1052 silly packumentCache full:https://registry.npmmirror.com/semver cache-hit
1053 silly fetch manifest @svgr/babel-plugin-add-jsx-attribute@8.0.0
1054 silly packumentCache full:https://registry.npmmirror.com/@svgr%2fbabel-plugin-add-jsx-attribute cache-miss
1055 silly fetch manifest @svgr/babel-plugin-remove-jsx-attribute@8.0.0
1056 silly packumentCache full:https://registry.npmmirror.com/@svgr%2fbabel-plugin-remove-jsx-attribute cache-miss
1057 silly fetch manifest @svgr/babel-plugin-remove-jsx-empty-expression@8.0.0
1058 silly packumentCache full:https://registry.npmmirror.com/@svgr%2fbabel-plugin-remove-jsx-empty-expression cache-miss
1059 http fetch GET 200 https://registry.npmmirror.com/json5 43ms (cache miss)
1060 silly packumentCache full:https://registry.npmmirror.com/json5 set size:18850 disposed:false
1061 silly fetch manifest @svgr/babel-plugin-replace-jsx-attribute-value@8.0.0
1062 silly packumentCache full:https://registry.npmmirror.com/@svgr%2fbabel-plugin-replace-jsx-attribute-value cache-miss
1063 http fetch GET 200 https://registry.npmmirror.com/gensync 47ms (cache miss)
1064 silly packumentCache full:https://registry.npmmirror.com/gensync set size:3930 disposed:false
1065 silly fetch manifest @svgr/babel-plugin-svg-dynamic-title@8.0.0
1066 silly packumentCache full:https://registry.npmmirror.com/@svgr%2fbabel-plugin-svg-dynamic-title cache-miss
1067 http fetch GET 200 https://registry.npmmirror.com/@jridgewell%2fremapping 52ms (cache miss)
1068 silly packumentCache full:https://registry.npmmirror.com/@jridgewell%2fremapping set size:6023 disposed:false
1069 silly fetch manifest @svgr/babel-plugin-svg-em-dimensions@8.0.0
1070 silly packumentCache full:https://registry.npmmirror.com/@svgr%2fbabel-plugin-svg-em-dimensions cache-miss
1071 http fetch GET 200 https://registry.npmmirror.com/convert-source-map 54ms (cache miss)
1072 silly packumentCache full:https://registry.npmmirror.com/convert-source-map set size:13631 disposed:false
1073 silly fetch manifest @svgr/babel-plugin-transform-react-native-svg@8.1.0
1074 silly packumentCache full:https://registry.npmmirror.com/@svgr%2fbabel-plugin-transform-react-native-svg cache-miss
1075 http fetch GET 200 https://registry.npmmirror.com/debug 61ms (cache miss)
1076 silly packumentCache full:https://registry.npmmirror.com/debug set size:32036 disposed:false
1077 silly fetch manifest @svgr/babel-plugin-transform-svg-component@8.0.0
1078 silly packumentCache full:https://registry.npmmirror.com/@svgr%2fbabel-plugin-transform-svg-component cache-miss
1079 http fetch GET 200 https://registry.npmmirror.com/@babel%2fcode-frame 67ms (cache miss)
1080 silly packumentCache full:https://registry.npmmirror.com/@babel%2fcode-frame set size:36644 disposed:false
1081 silly fetch manifest import-fresh@^3.3.0
1082 silly packumentCache full:https://registry.npmmirror.com/import-fresh cache-miss
1083 http fetch GET 200 https://registry.npmmirror.com/@babel%2ftemplate 70ms (cache miss)
1084 silly packumentCache full:https://registry.npmmirror.com/@babel%2ftemplate set size:40395 disposed:false
1085 silly fetch manifest js-yaml@^4.1.0
1086 silly packumentCache full:https://registry.npmmirror.com/js-yaml cache-miss
1087 http fetch GET 200 https://registry.npmmirror.com/@babel%2fhelper-module-transforms 75ms (cache miss)
1088 silly packumentCache full:https://registry.npmmirror.com/@babel%2fhelper-module-transforms set size:60671 disposed:false
1089 silly fetch manifest parse-json@^5.2.0
1090 silly packumentCache full:https://registry.npmmirror.com/parse-json cache-miss
1091 http fetch GET 200 https://registry.npmmirror.com/@babel%2fhelper-compilation-targets 85ms (cache miss)
1092 silly packumentCache full:https://registry.npmmirror.com/@babel%2fhelper-compilation-targets set size:43561 disposed:false
1093 silly fetch manifest path-type@^4.0.0
1094 silly packumentCache full:https://registry.npmmirror.com/path-type cache-miss
1095 http fetch GET 200 https://registry.npmmirror.com/@babel%2ftraverse 105ms (cache miss)
1096 silly packumentCache full:https://registry.npmmirror.com/@babel%2ftraverse set size:98271 disposed:false
1097 silly fetch manifest dot-case@^3.0.4
1098 silly packumentCache full:https://registry.npmmirror.com/dot-case cache-miss
1099 http fetch GET 200 https://registry.npmmirror.com/@babel%2fgenerator 110ms (cache miss)
1100 silly packumentCache full:https://registry.npmmirror.com/@babel%2fgenerator set size:92628 disposed:false
1101 http fetch GET 200 https://registry.npmmirror.com/@babel%2fhelpers 115ms (cache miss)
1102 silly packumentCache full:https://registry.npmmirror.com/@babel%2fhelpers set size:72113 disposed:false
1103 http fetch GET 200 https://registry.npmmirror.com/@svgr%2fbabel-plugin-add-jsx-attribute 115ms (cache miss)
1104 silly packumentCache full:https://registry.npmmirror.com/@svgr%2fbabel-plugin-add-jsx-attribute set size:9230 disposed:false
1105 http fetch GET 200 https://registry.npmmirror.com/import-fresh 51ms (cache miss)
1106 silly packumentCache full:https://registry.npmmirror.com/import-fresh set size:5522 disposed:false
1107 http fetch GET 200 https://registry.npmmirror.com/@svgr%2fbabel-plugin-replace-jsx-attribute-value 75ms (cache miss)
1108 silly packumentCache full:https://registry.npmmirror.com/@svgr%2fbabel-plugin-replace-jsx-attribute-value set size:8916 disposed:false
1109 http fetch GET 200 https://registry.npmmirror.com/parse-json 44ms (cache miss)
1110 silly packumentCache full:https://registry.npmmirror.com/parse-json set size:10810 disposed:false
1111 http fetch GET 200 https://registry.npmmirror.com/js-yaml 51ms (cache miss)
1112 silly packumentCache full:https://registry.npmmirror.com/js-yaml set size:30909 disposed:false
1113 http fetch GET 200 https://registry.npmmirror.com/path-type 41ms (cache miss)
1114 silly packumentCache full:https://registry.npmmirror.com/path-type set size:3470 disposed:false
1115 http fetch GET 200 https://registry.npmmirror.com/dot-case 30ms (cache miss)
1116 silly packumentCache full:https://registry.npmmirror.com/dot-case set size:6460 disposed:false
1117 http fetch GET 200 https://registry.npmmirror.com/@svgr%2fbabel-plugin-transform-svg-component 76ms (cache miss)
1118 silly packumentCache full:https://registry.npmmirror.com/@svgr%2fbabel-plugin-transform-svg-component set size:13457 disposed:false
1119 http fetch GET 200 https://registry.npmmirror.com/@svgr%2fbabel-plugin-svg-em-dimensions 110ms (cache miss)
1120 silly packumentCache full:https://registry.npmmirror.com/@svgr%2fbabel-plugin-svg-em-dimensions set size:9394 disposed:false
1121 http fetch GET 200 https://registry.npmmirror.com/@svgr%2fbabel-plugin-svg-dynamic-title 164ms (cache miss)
1122 silly packumentCache full:https://registry.npmmirror.com/@svgr%2fbabel-plugin-svg-dynamic-title set size:9972 disposed:false
1123 http fetch GET 200 https://registry.npmmirror.com/@svgr%2fbabel-plugin-transform-react-native-svg 243ms (cache miss)
1124 silly packumentCache full:https://registry.npmmirror.com/@svgr%2fbabel-plugin-transform-react-native-svg set size:9504 disposed:false
1125 http fetch GET 200 https://registry.npmmirror.com/@svgr%2fbabel-plugin-remove-jsx-empty-expression 3468ms (cache miss)
1126 silly packumentCache full:https://registry.npmmirror.com/@svgr%2fbabel-plugin-remove-jsx-empty-expression set size:7894 disposed:false
1127 http fetch GET 200 https://registry.npmmirror.com/@svgr%2fbabel-plugin-remove-jsx-attribute 3553ms (cache miss)
1128 silly packumentCache full:https://registry.npmmirror.com/@svgr%2fbabel-plugin-remove-jsx-attribute set size:8473 disposed:false
1129 silly fetch manifest @babel/core@^7.0.0
1130 silly packumentCache full:https://registry.npmmirror.com/@babel%2fcore cache-hit
1131 silly placeDep ROOT @babel/code-frame@7.29.7 OK for: @babel/core@7.29.7 want: ^7.29.7
1132 silly placeDep ROOT @babel/generator@7.29.8 OK for: @babel/core@7.29.7 want: ^7.29.7
1133 silly placeDep ROOT @babel/helper-compilation-targets@7.29.7 OK for: @babel/core@7.29.7 want: ^7.29.7
1134 silly placeDep ROOT @babel/helper-module-transforms@7.29.7 OK for: @babel/core@7.29.7 want: ^7.29.7
1135 silly placeDep ROOT @babel/helpers@7.29.7 OK for: @babel/core@7.29.7 want: ^7.29.7
1136 silly placeDep node_modules/@babel/core @babel/parser@7.29.9 OK for: @babel/core@7.29.7 want: ^7.29.7
1137 silly placeDep ROOT @babel/template@7.29.7 OK for: @babel/core@7.29.7 want: ^7.29.7
1138 silly placeDep ROOT @babel/traverse@7.29.8 OK for: @babel/core@7.29.7 want: ^7.29.7
1139 silly placeDep node_modules/@babel/core @babel/types@7.29.8 OK for: @babel/core@7.29.7 want: ^7.29.7
1140 silly placeDep ROOT @jridgewell/remapping@2.3.5 OK for: @babel/core@7.29.7 want: ^2.3.5
1141 silly placeDep ROOT convert-source-map@2.0.0 OK for: @babel/core@7.29.7 want: ^2.0.0
1142 silly placeDep ROOT debug@4.4.3 OK for: @babel/core@7.29.7 want: ^4.1.0
1143 silly placeDep ROOT gensync@1.0.0-beta.2 OK for: @babel/core@7.29.7 want: ^1.0.0-beta.2
1144 silly placeDep ROOT json5@2.2.3 OK for: @babel/core@7.29.7 want: ^2.2.3
1145 silly placeDep node_modules/@babel/core semver@6.3.1 OK for: @babel/core@7.29.7 want: ^6.3.1
1146 silly fetch manifest js-tokens@^4.0.0
1147 silly packumentCache full:https://registry.npmmirror.com/js-tokens cache-miss
1148 silly fetch manifest picocolors@^1.1.1
1149 silly packumentCache full:https://registry.npmmirror.com/picocolors cache-miss
1150 silly fetch manifest jsesc@^3.0.2
1151 silly packumentCache full:https://registry.npmmirror.com/jsesc cache-miss
1152 silly fetch manifest @babel/types@^7.29.8
1153 silly packumentCache full:https://registry.npmmirror.com/@babel%2ftypes cache-hit
1154 silly fetch manifest @babel/parser@^7.29.8
1155 silly packumentCache full:https://registry.npmmirror.com/@babel%2fparser cache-hit
1156 silly fetch manifest @jridgewell/gen-mapping@^0.3.12
1157 silly packumentCache full:https://registry.npmmirror.com/@jridgewell%2fgen-mapping cache-miss
1158 silly fetch manifest @babel/compat-data@^7.29.7
1159 silly packumentCache full:https://registry.npmmirror.com/@babel%2fcompat-data cache-miss
1160 silly fetch manifest @babel/helper-validator-option@^7.29.7
1161 silly packumentCache full:https://registry.npmmirror.com/@babel%2fhelper-validator-option cache-miss
1162 silly fetch manifest browserslist@^4.24.0
1163 silly packumentCache full:https://registry.npmmirror.com/browserslist cache-hit
1164 silly fetch manifest lru-cache@^5.1.1
1165 silly packumentCache full:https://registry.npmmirror.com/lru-cache cache-hit
1166 silly fetch manifest @babel/helper-module-imports@^7.29.7
1167 silly packumentCache full:https://registry.npmmirror.com/@babel%2fhelper-module-imports cache-miss
1168 silly fetch manifest @babel/types@^7.29.8
1169 silly packumentCache full:https://registry.npmmirror.com/@babel%2ftypes cache-hit
1170 silly fetch manifest debug@^4.3.1
1171 silly packumentCache full:https://registry.npmmirror.com/debug cache-hit
1172 silly fetch manifest @babel/helper-globals@^7.29.7
1173 silly packumentCache full:https://registry.npmmirror.com/@babel%2fhelper-globals cache-miss
1174 silly fetch manifest @jridgewell/gen-mapping@^0.3.5
1175 silly packumentCache full:https://registry.npmmirror.com/@jridgewell%2fgen-mapping cache-miss
1176 silly fetch manifest ms@^2.1.3
1177 silly packumentCache full:https://registry.npmmirror.com/ms cache-miss
1178 http fetch GET 200 https://registry.npmmirror.com/picocolors 36ms (cache miss)
1179 silly packumentCache full:https://registry.npmmirror.com/picocolors set size:4040 disposed:false
1180 http fetch GET 200 https://registry.npmmirror.com/@babel%2fhelper-globals 36ms (cache miss)
1181 silly packumentCache full:https://registry.npmmirror.com/@babel%2fhelper-globals set size:5572 disposed:false
1182 http fetch GET 200 https://registry.npmmirror.com/js-tokens 41ms (cache miss)
1183 silly packumentCache full:https://registry.npmmirror.com/js-tokens set size:9897 disposed:false
1184 http fetch GET 200 https://registry.npmmirror.com/@babel%2fhelper-validator-option 42ms (cache miss)
1185 silly packumentCache full:https://registry.npmmirror.com/@babel%2fhelper-validator-option set size:22246 disposed:false
1186 http fetch GET 200 https://registry.npmmirror.com/@jridgewell%2fgen-mapping 42ms (cache miss)
1187 silly packumentCache full:https://registry.npmmirror.com/@jridgewell%2fgen-mapping set size:18327 disposed:false
1188 http fetch GET 200 https://registry.npmmirror.com/ms 44ms (cache miss)
1189 silly packumentCache full:https://registry.npmmirror.com/ms set size:15985 disposed:false
1190 http fetch GET 200 https://registry.npmmirror.com/@jridgewell%2fgen-mapping 50ms (cache miss)
1191 silly packumentCache full:https://registry.npmmirror.com/@jridgewell%2fgen-mapping set size:18327 disposed:false
1192 silly packumentCache full:https://registry.npmmirror.com/@jridgewell%2fgen-mapping dispose
1193 http fetch GET 200 https://registry.npmmirror.com/jsesc 51ms (cache miss)
1194 silly packumentCache full:https://registry.npmmirror.com/jsesc set size:12774 disposed:false
1195 http fetch GET 200 https://registry.npmmirror.com/@babel%2fhelper-module-imports 52ms (cache miss)
1196 silly packumentCache full:https://registry.npmmirror.com/@babel%2fhelper-module-imports set size:34872 disposed:false
1197 http fetch GET 200 https://registry.npmmirror.com/@babel%2fcompat-data 59ms (cache miss)
1198 silly packumentCache full:https://registry.npmmirror.com/@babel%2fcompat-data set size:57669 disposed:false
1199 silly placeDep ROOT js-tokens@4.0.0 OK for: @babel/code-frame@7.29.7 want: ^4.0.0
1200 silly placeDep ROOT picocolors@1.1.1 OK for: @babel/code-frame@7.29.7 want: ^1.1.1
1201 silly placeDep node_modules/@babel/generator @babel/parser@7.29.9 OK for: @babel/generator@7.29.8 want: ^7.29.8
1202 silly placeDep node_modules/@babel/generator @babel/types@7.29.8 OK for: @babel/generator@7.29.8 want: ^7.29.8
1203 silly placeDep ROOT @jridgewell/gen-mapping@0.3.13 OK for: @babel/generator@7.29.8 want: ^0.3.12
1204 silly placeDep ROOT jsesc@3.1.0 OK for: @babel/generator@7.29.8 want: ^3.0.2
1205 silly placeDep ROOT @babel/compat-data@7.29.7 OK for: @babel/helper-compilation-targets@7.29.7 want: ^7.29.7
1206 silly placeDep ROOT @babel/helper-validator-option@7.29.7 OK for: @babel/helper-compilation-targets@7.29.7 want: ^7.29.7
1207 silly placeDep ROOT browserslist@4.29.2 OK for: @babel/helper-compilation-targets@7.29.7 want: ^4.24.0
1208 silly placeDep ROOT lru-cache@5.1.1 OK for: @babel/helper-compilation-targets@7.29.7 want: ^5.1.1
1209 silly placeDep node_modules/@babel/helper-compilation-targets semver@6.3.1 OK for: @babel/helper-compilation-targets@7.29.7 want: ^6.3.1
1210 silly fetch manifest caniuse-lite@^1.0.30001812
1211 silly packumentCache full:https://registry.npmmirror.com/caniuse-lite cache-miss
1212 silly fetch manifest node-releases@^2.0.57
1213 silly packumentCache full:https://registry.npmmirror.com/node-releases cache-miss
1214 silly fetch manifest electron-to-chromium@^1.5.439
1215 silly packumentCache full:https://registry.npmmirror.com/electron-to-chromium cache-miss
1216 silly fetch manifest update-browserslist-db@^1.3.3
1217 silly packumentCache full:https://registry.npmmirror.com/update-browserslist-db cache-miss
1218 silly fetch manifest baseline-browser-mapping@^2.11.26
1219 silly packumentCache full:https://registry.npmmirror.com/baseline-browser-mapping cache-miss
1220 silly fetch manifest yallist@^3.0.2
1221 silly packumentCache full:https://registry.npmmirror.com/yallist cache-miss
1222 http fetch GET 200 https://registry.npmmirror.com/yallist 29ms (cache miss)
1223 silly packumentCache full:https://registry.npmmirror.com/yallist set size:7662 disposed:false
1224 http fetch GET 200 https://registry.npmmirror.com/node-releases 33ms (cache miss)
1225 silly packumentCache full:https://registry.npmmirror.com/node-releases set size:45001 disposed:false
1226 http fetch GET 200 https://registry.npmmirror.com/update-browserslist-db 37ms (cache miss)
1227 silly packumentCache full:https://registry.npmmirror.com/update-browserslist-db set size:19673 disposed:false
1228 http fetch GET 200 https://registry.npmmirror.com/baseline-browser-mapping 42ms (cache miss)
1229 silly packumentCache full:https://registry.npmmirror.com/baseline-browser-mapping set size:87524 disposed:false
1230 http fetch GET 200 https://registry.npmmirror.com/caniuse-lite 61ms (cache miss)
1231 silly packumentCache full:https://registry.npmmirror.com/caniuse-lite set size:370683 disposed:false
1232 http fetch GET 200 https://registry.npmmirror.com/electron-to-chromium 101ms (cache miss)
1233 silly packumentCache full:https://registry.npmmirror.com/electron-to-chromium set size:844572 disposed:false
1234 silly placeDep ROOT @babel/helper-module-imports@7.29.7 OK for: @babel/helper-module-transforms@7.29.7 want: ^7.29.7
1235 silly placeDep node_modules/@babel/helper-module-imports @babel/types@7.29.8 OK for: @babel/helper-module-imports@7.29.7 want: ^7.29.7
1236 silly placeDep node_modules/@babel/helpers @babel/types@7.29.8 OK for: @babel/helpers@7.29.7 want: ^7.29.7
1237 silly placeDep node_modules/@babel/template @babel/parser@7.29.9 OK for: @babel/template@7.29.7 want: ^7.29.7
1238 silly placeDep node_modules/@babel/template @babel/types@7.29.8 OK for: @babel/template@7.29.7 want: ^7.29.7
1239 silly placeDep ROOT @babel/helper-globals@7.29.7 OK for: @babel/traverse@7.29.8 want: ^7.29.7
1240 silly placeDep node_modules/@babel/traverse @babel/parser@7.29.9 OK for: @babel/traverse@7.29.8 want: ^7.29.8
1241 silly placeDep node_modules/@babel/traverse @babel/types@7.29.8 OK for: @babel/traverse@7.29.8 want: ^7.29.8
1242 silly fetch manifest @babel/core@^7.0.0-0
1243 silly packumentCache full:https://registry.npmmirror.com/@babel%2fcore cache-hit
1244 silly placeDep ROOT @svgr/babel-plugin-add-jsx-attribute@8.0.0 OK for: @svgr/babel-preset@8.1.0 want: 8.0.0
1245 silly placeDep ROOT @svgr/babel-plugin-remove-jsx-attribute@8.0.0 OK for: @svgr/babel-preset@8.1.0 want: 8.0.0
1246 silly placeDep ROOT @svgr/babel-plugin-remove-jsx-empty-expression@8.0.0 OK for: @svgr/babel-preset@8.1.0 want: 8.0.0
1247 silly placeDep ROOT @svgr/babel-plugin-replace-jsx-attribute-value@8.0.0 OK for: @svgr/babel-preset@8.1.0 want: 8.0.0
1248 silly placeDep ROOT @svgr/babel-plugin-svg-dynamic-title@8.0.0 OK for: @svgr/babel-preset@8.1.0 want: 8.0.0
1249 silly placeDep ROOT @svgr/babel-plugin-svg-em-dimensions@8.0.0 OK for: @svgr/babel-preset@8.1.0 want: 8.0.0
1250 silly placeDep ROOT @svgr/babel-plugin-transform-react-native-svg@8.1.0 OK for: @svgr/babel-preset@8.1.0 want: 8.1.0
1251 silly placeDep ROOT @svgr/babel-plugin-transform-svg-component@8.0.0 OK for: @svgr/babel-preset@8.1.0 want: 8.0.0
1252 silly placeDep ROOT @svgr/hast-util-to-babel-ast@8.0.0 OK for: @svgr/plugin-jsx@8.1.0 want: 8.0.0
1253 silly placeDep ROOT svg-parser@2.1.0 OK for: @svgr/plugin-jsx@8.1.0 want: ^2.0.4
1254 silly fetch manifest entities@^4.4.0
1255 silly packumentCache full:https://registry.npmmirror.com/entities cache-miss
1256 http fetch GET 200 https://registry.npmmirror.com/entities 23ms (cache miss)
1257 silly packumentCache full:https://registry.npmmirror.com/entities set size:24111 disposed:false
1258 silly placeDep ROOT entities@4.5.0 OK for: @svgr/hast-util-to-babel-ast@8.0.0 want: ^4.4.0
1259 silly placeDep ROOT @tanstack/virtual-core@3.17.7 OK for: @tanstack/react-virtual@3.14.9 want: 3.17.7
1260 silly placeDep ROOT @turf/meta@7.4.0 OK for: @turf/centroid@7.4.0 want: 7.4.0
1261 silly placeDep ROOT @types/geojson@7946.0.16 OK for: @turf/centroid@7.4.0 want: ^7946.0.10
1262 silly placeDep ROOT csstype@3.2.3 OK for: @types/react@19.3.0 want: ^3.2.2
1263 silly fetch manifest browserslist@>= 4.21.0
1264 silly packumentCache full:https://registry.npmmirror.com/browserslist cache-hit
1265 silly placeDep ROOT baseline-browser-mapping@2.11.26 OK for: browserslist@4.29.2 want: ^2.11.26
1266 silly placeDep ROOT caniuse-lite@1.0.30001813 OK for: browserslist@4.29.2 want: ^1.0.30001812
1267 silly placeDep ROOT electron-to-chromium@1.5.440 OK for: browserslist@4.29.2 want: ^1.5.439
1268 silly placeDep ROOT node-releases@2.0.57 OK for: browserslist@4.29.2 want: ^2.0.57
1269 silly placeDep ROOT update-browserslist-db@1.3.3 OK for: browserslist@4.29.2 want: ^1.3.3
1270 silly fetch manifest escalade@^3.2.0
1271 silly packumentCache full:https://registry.npmmirror.com/escalade cache-miss
1272 http fetch GET 200 https://registry.npmmirror.com/escalade 24ms (cache miss)
1273 silly packumentCache full:https://registry.npmmirror.com/escalade set size:6820 disposed:false
1274 silly placeDep ROOT import-fresh@3.3.1 OK for: cosmiconfig@8.3.6 want: ^3.3.0
1275 silly placeDep ROOT js-yaml@4.3.2 OK for: cosmiconfig@8.3.6 want: ^4.1.0
1276 silly placeDep ROOT parse-json@5.2.0 OK for: cosmiconfig@8.3.6 want: ^5.2.0
1277 silly placeDep ROOT path-type@4.0.0 OK for: cosmiconfig@8.3.6 want: ^4.0.0
1278 silly fetch manifest parent-module@^1.0.0
1279 silly packumentCache full:https://registry.npmmirror.com/parent-module cache-miss
1280 silly fetch manifest resolve-from@^4.0.0
1281 silly packumentCache full:https://registry.npmmirror.com/resolve-from cache-miss
1282 silly fetch manifest argparse@^2.0.1
1283 silly packumentCache full:https://registry.npmmirror.com/argparse cache-miss
1284 silly fetch manifest error-ex@^1.3.1
1285 silly packumentCache full:https://registry.npmmirror.com/error-ex cache-miss
1286 silly fetch manifest json-parse-even-better-errors@^2.3.0
1287 silly packumentCache full:https://registry.npmmirror.com/json-parse-even-better-errors cache-hit
1288 silly fetch manifest lines-and-columns@^1.1.6
1289 silly packumentCache full:https://registry.npmmirror.com/lines-and-columns cache-miss
1290 http fetch GET 200 https://registry.npmmirror.com/resolve-from 24ms (cache miss)
1291 silly packumentCache full:https://registry.npmmirror.com/resolve-from set size:3131 disposed:false
1292 http fetch GET 200 https://registry.npmmirror.com/error-ex 30ms (cache miss)
1293 silly packumentCache full:https://registry.npmmirror.com/error-ex set size:6692 disposed:false
1294 http fetch GET 200 https://registry.npmmirror.com/parent-module 31ms (cache miss)
1295 silly packumentCache full:https://registry.npmmirror.com/parent-module set size:3916 disposed:false
1296 http fetch GET 200 https://registry.npmmirror.com/lines-and-columns 32ms (cache miss)
1297 silly packumentCache full:https://registry.npmmirror.com/lines-and-columns set size:17877 disposed:false
1298 http fetch GET 200 https://registry.npmmirror.com/argparse 35ms (cache miss)
1299 silly packumentCache full:https://registry.npmmirror.com/argparse set size:11282 disposed:false
1300 silly placeDep ROOT icss-utils@5.1.0 OK for: css-loader@7.1.4 want: ^5.1.0
1301 silly placeDep ROOT postcss@8.5.28 OK for: icss-utils@5.1.0 want: ^8.1.0
1302 silly placeDep ROOT postcss-modules-extract-imports@3.1.0 OK for: css-loader@7.1.4 want: ^3.1.0
1303 silly placeDep ROOT postcss-modules-local-by-default@4.2.0 OK for: css-loader@7.1.4 want: ^4.0.5
1304 silly placeDep ROOT postcss-modules-scope@3.2.1 OK for: css-loader@7.1.4 want: ^3.2.0
1305 silly placeDep ROOT postcss-modules-values@4.0.0 OK for: css-loader@7.1.4 want: ^4.0.0
1306 silly placeDep ROOT postcss-value-parser@4.2.0 OK for: css-loader@7.1.4 want: ^4.2.0
1307 silly placeDep node_modules/css-loader semver@7.8.5 OK for: css-loader@7.1.4 want: ^7.6.3
1308 silly fetch manifest nanoid@^3.3.18
1309 silly packumentCache full:https://registry.npmmirror.com/nanoid cache-miss
1310 silly fetch manifest source-map-js@^1.2.1
1311 silly packumentCache full:https://registry.npmmirror.com/source-map-js cache-miss
1312 silly fetch manifest postcss-selector-parser@^7.0.0
1313 silly packumentCache full:https://registry.npmmirror.com/postcss-selector-parser cache-miss
1314 silly fetch manifest postcss-value-parser@^4.1.0
1315 silly packumentCache full:https://registry.npmmirror.com/postcss-value-parser cache-hit
1316 silly fetch manifest postcss-selector-parser@^7.0.0
1317 silly packumentCache full:https://registry.npmmirror.com/postcss-selector-parser cache-miss
1318 http fetch GET 200 https://registry.npmmirror.com/source-map-js 22ms (cache miss)
1319 silly packumentCache full:https://registry.npmmirror.com/source-map-js set size:14399 disposed:false
1320 http fetch GET 200 https://registry.npmmirror.com/postcss-selector-parser 27ms (cache miss)
1321 silly packumentCache full:https://registry.npmmirror.com/postcss-selector-parser set size:31939 disposed:false
1322 http fetch GET 200 https://registry.npmmirror.com/nanoid 29ms (cache miss)
1323 silly packumentCache full:https://registry.npmmirror.com/nanoid set size:54573 disposed:false
1324 http fetch GET 200 https://registry.npmmirror.com/postcss-selector-parser 34ms (cache miss)
1325 silly packumentCache full:https://registry.npmmirror.com/postcss-selector-parser set size:31939 disposed:false
1326 silly packumentCache full:https://registry.npmmirror.com/postcss-selector-parser dispose
1327 silly placeDep ROOT d3-array@3.2.4 OK for: d3-geo@3.1.1 want: 2.5.0 - 3
1328 silly fetch manifest internmap@1 - 2
1329 silly packumentCache full:https://registry.npmmirror.com/internmap cache-miss
1330 http fetch GET 200 https://registry.npmmirror.com/internmap 23ms (cache miss)
1331 silly packumentCache full:https://registry.npmmirror.com/internmap set size:4157 disposed:false
1332 silly placeDep ROOT internmap@2.0.3 OK for: d3-array@3.2.4 want: 1 - 2
1333 silly placeDep ROOT ms@2.1.3 OK for: debug@4.4.3 want: ^2.1.3
1334 silly placeDep ROOT stackframe@1.3.4 OK for: error-stack-parser@2.1.4 want: ^1.3.4
1335 silly placeDep ROOT @esbuild/aix-ppc64@0.28.1 OK for: esbuild@0.28.1 want: 0.28.1
1336 silly placeDep ROOT @esbuild/android-arm@0.28.1 OK for: esbuild@0.28.1 want: 0.28.1
1337 silly placeDep ROOT @esbuild/android-arm64@0.28.1 OK for: esbuild@0.28.1 want: 0.28.1
1338 silly placeDep ROOT @esbuild/android-x64@0.28.1 OK for: esbuild@0.28.1 want: 0.28.1
1339 silly placeDep ROOT @esbuild/darwin-arm64@0.28.1 OK for: esbuild@0.28.1 want: 0.28.1
1340 silly placeDep ROOT @esbuild/darwin-x64@0.28.1 OK for: esbuild@0.28.1 want: 0.28.1
1341 silly placeDep ROOT @esbuild/freebsd-arm64@0.28.1 OK for: esbuild@0.28.1 want: 0.28.1
1342 silly placeDep ROOT @esbuild/freebsd-x64@0.28.1 OK for: esbuild@0.28.1 want: 0.28.1
1343 silly placeDep ROOT @esbuild/linux-arm@0.28.1 OK for: esbuild@0.28.1 want: 0.28.1
1344 silly placeDep ROOT @esbuild/linux-arm64@0.28.1 OK for: esbuild@0.28.1 want: 0.28.1
1345 silly placeDep ROOT @esbuild/linux-ia32@0.28.1 OK for: esbuild@0.28.1 want: 0.28.1
1346 silly placeDep ROOT @esbuild/linux-loong64@0.28.1 OK for: esbuild@0.28.1 want: 0.28.1
1347 silly placeDep ROOT @esbuild/linux-mips64el@0.28.1 OK for: esbuild@0.28.1 want: 0.28.1
1348 silly placeDep ROOT @esbuild/linux-ppc64@0.28.1 OK for: esbuild@0.28.1 want: 0.28.1
1349 silly placeDep ROOT @esbuild/linux-riscv64@0.28.1 OK for: esbuild@0.28.1 want: 0.28.1
1350 silly placeDep ROOT @esbuild/linux-s390x@0.28.1 OK for: esbuild@0.28.1 want: 0.28.1
1351 silly placeDep ROOT @esbuild/linux-x64@0.28.1 OK for: esbuild@0.28.1 want: 0.28.1
1352 silly placeDep ROOT @esbuild/netbsd-arm64@0.28.1 OK for: esbuild@0.28.1 want: 0.28.1
1353 silly placeDep ROOT @esbuild/netbsd-x64@0.28.1 OK for: esbuild@0.28.1 want: 0.28.1
1354 silly placeDep ROOT @esbuild/openbsd-arm64@0.28.1 OK for: esbuild@0.28.1 want: 0.28.1
1355 silly placeDep ROOT @esbuild/openbsd-x64@0.28.1 OK for: esbuild@0.28.1 want: 0.28.1
1356 silly placeDep ROOT @esbuild/openharmony-arm64@0.28.1 OK for: esbuild@0.28.1 want: 0.28.1
1357 silly placeDep ROOT @esbuild/sunos-x64@0.28.1 OK for: esbuild@0.28.1 want: 0.28.1
1358 silly placeDep ROOT @esbuild/win32-arm64@0.28.1 OK for: esbuild@0.28.1 want: 0.28.1
1359 silly placeDep ROOT @esbuild/win32-ia32@0.28.1 OK for: esbuild@0.28.1 want: 0.28.1
1360 silly placeDep ROOT @esbuild/win32-x64@0.28.1 OK for: esbuild@0.28.1 want: 0.28.1
1361 silly placeDep ROOT cross-spawn@7.0.6 OK for: execa@5.1.1 want: ^7.0.3
1362 silly placeDep ROOT get-stream@6.0.1 OK for: execa@5.1.1 want: ^6.0.0
1363 silly placeDep ROOT human-signals@2.1.0 OK for: execa@5.1.1 want: ^2.1.0
1364 silly placeDep ROOT is-stream@2.0.1 OK for: execa@5.1.1 want: ^2.0.0
1365 silly placeDep ROOT merge-stream@2.0.0 OK for: execa@5.1.1 want: ^2.0.0
1366 silly placeDep ROOT npm-run-path@4.0.1 OK for: execa@5.1.1 want: ^4.0.1
1367 silly placeDep ROOT onetime@5.1.2 OK for: execa@5.1.1 want: ^5.1.2
1368 silly placeDep ROOT signal-exit@3.0.7 OK for: execa@5.1.1 want: ^3.0.3
1369 silly placeDep ROOT strip-final-newline@2.0.0 OK for: execa@5.1.1 want: ^2.0.0
1370 silly fetch manifest path-key@^3.1.0
1371 silly packumentCache full:https://registry.npmmirror.com/path-key cache-miss
1372 silly fetch manifest shebang-command@^2.0.0
1373 silly packumentCache full:https://registry.npmmirror.com/shebang-command cache-miss
1374 silly fetch manifest which@^2.0.1
1375 silly packumentCache full:https://registry.npmmirror.com/which cache-miss
1376 silly fetch manifest path-key@^3.0.0
1377 silly packumentCache full:https://registry.npmmirror.com/path-key cache-miss
1378 silly fetch manifest mimic-fn@^2.1.0
1379 silly packumentCache full:https://registry.npmmirror.com/mimic-fn cache-miss
1380 http fetch GET 200 https://registry.npmmirror.com/path-key 24ms (cache miss)
1381 silly packumentCache full:https://registry.npmmirror.com/path-key set size:3439 disposed:false
1382 http fetch GET 200 https://registry.npmmirror.com/shebang-command 25ms (cache miss)
1383 silly packumentCache full:https://registry.npmmirror.com/shebang-command set size:2106 disposed:false
1384 http fetch GET 200 https://registry.npmmirror.com/path-key 26ms (cache miss)
1385 silly packumentCache full:https://registry.npmmirror.com/path-key set size:3439 disposed:false
1386 silly packumentCache full:https://registry.npmmirror.com/path-key dispose
1387 http fetch GET 200 https://registry.npmmirror.com/which 30ms (cache miss)
1388 silly packumentCache full:https://registry.npmmirror.com/which set size:14761 disposed:false
1389 http fetch GET 200 https://registry.npmmirror.com/mimic-fn 32ms (cache miss)
1390 silly packumentCache full:https://registry.npmmirror.com/mimic-fn set size:4665 disposed:false
1391 silly placeDep ROOT path-key@3.1.1 OK for: cross-spawn@7.0.6 want: ^3.1.0
1392 silly placeDep ROOT shebang-command@2.0.0 OK for: cross-spawn@7.0.6 want: ^2.0.0
1393 silly placeDep ROOT which@2.0.2 OK for: cross-spawn@7.0.6 want: ^2.0.1
1394 silly fetch manifest shebang-regex@^3.0.0
1395 silly packumentCache full:https://registry.npmmirror.com/shebang-regex cache-miss
1396 silly fetch manifest isexe@^2.0.0
1397 silly packumentCache full:https://registry.npmmirror.com/isexe cache-miss
1398 http fetch GET 200 https://registry.npmmirror.com/shebang-regex 21ms (cache miss)
1399 silly packumentCache full:https://registry.npmmirror.com/shebang-regex set size:2417 disposed:false
1400 http fetch GET 200 https://registry.npmmirror.com/isexe 25ms (cache miss)
1401 silly packumentCache full:https://registry.npmmirror.com/isexe set size:7230 disposed:false
1402 silly placeDep ROOT parent-module@1.0.1 OK for: import-fresh@3.3.1 want: ^1.0.0
1403 silly placeDep ROOT resolve-from@4.0.0 OK for: import-fresh@3.3.1 want: ^4.0.0
1404 silly fetch manifest callsites@^3.0.0
1405 silly packumentCache full:https://registry.npmmirror.com/callsites cache-miss
1406 http fetch GET 200 https://registry.npmmirror.com/callsites 24ms (cache miss)
1407 silly packumentCache full:https://registry.npmmirror.com/callsites set size:4788 disposed:false
1408 silly placeDep ROOT argparse@2.0.1 OK for: js-yaml@4.3.2 want: ^2.0.1
1409 silly placeDep ROOT yallist@3.1.1 OK for: lru-cache@5.1.1 want: ^3.0.2
1410 silly placeDep ROOT @types/dom-mediacapture-transform@0.1.12 OK for: mediabunny@1.56.1 want: ^0.1.11
1411 silly placeDep ROOT @types/dom-webcodecs@0.1.13 OK for: mediabunny@1.56.1 want: 0.1.13
1412 silly fetch manifest @types/dom-webcodecs@*
1413 silly packumentCache full:https://registry.npmmirror.com/@types%2fdom-webcodecs cache-hit
1414 silly placeDep ROOT fs-monkey@1.0.3 OK for: memfs@3.4.3 want: 1.0.3
1415 silly placeDep ROOT mimic-fn@2.1.0 OK for: onetime@5.1.2 want: ^2.1.0
1416 silly placeDep ROOT define-lazy-prop@2.0.0 OK for: open@8.4.2 want: ^2.0.0
1417 silly placeDep ROOT is-docker@2.2.1 OK for: open@8.4.2 want: ^2.1.1
1418 silly placeDep ROOT is-wsl@2.2.0 OK for: open@8.4.2 want: ^2.2.0
1419 silly placeDep ROOT callsites@3.1.0 OK for: parent-module@1.0.1 want: ^3.0.0
1420 silly placeDep ROOT error-ex@1.3.4 OK for: parse-json@5.2.0 want: ^1.3.1
1421 silly placeDep ROOT json-parse-even-better-errors@2.3.1 OK for: parse-json@5.2.0 want: ^2.3.0
1422 silly placeDep ROOT lines-and-columns@1.2.4 OK for: parse-json@5.2.0 want: ^1.1.6
1423 silly fetch manifest is-arrayish@^0.2.1
1424 silly packumentCache full:https://registry.npmmirror.com/is-arrayish cache-miss
1425 http fetch GET 200 https://registry.npmmirror.com/is-arrayish 31ms (cache miss)
1426 silly packumentCache full:https://registry.npmmirror.com/is-arrayish set size:3618 disposed:false
1427 silly placeDep ROOT is-arrayish@0.2.1 OK for: error-ex@1.3.4 want: ^0.2.1
1428 silly placeDep ROOT nanoid@3.3.19 OK for: postcss@8.5.28 want: ^3.3.18
1429 silly placeDep ROOT source-map-js@1.2.1 OK for: postcss@8.5.28 want: ^1.2.1
1430 silly placeDep ROOT postcss-selector-parser@7.1.6 OK for: postcss-modules-local-by-default@4.2.0 want: ^7.0.0
1431 silly fetch manifest cssesc@^3.0.0
1432 silly packumentCache full:https://registry.npmmirror.com/cssesc cache-miss
1433 silly fetch manifest util-deprecate@^1.0.2
1434 silly packumentCache full:https://registry.npmmirror.com/util-deprecate cache-miss
1435 http fetch GET 200 https://registry.npmmirror.com/util-deprecate 23ms (cache miss)
1436 silly packumentCache full:https://registry.npmmirror.com/util-deprecate set size:2289 disposed:false
1437 http fetch GET 200 https://registry.npmmirror.com/cssesc 31ms (cache miss)
1438 silly packumentCache full:https://registry.npmmirror.com/cssesc set size:5105 disposed:false
1439 silly placeDep ROOT cssesc@3.0.0 OK for: postcss-selector-parser@7.1.6 want: ^3.0.0
1440 silly placeDep ROOT util-deprecate@1.0.2 OK for: postcss-selector-parser@7.1.6 want: ^1.0.2
1441 silly placeDep ROOT kleur@3.0.3 OK for: prompts@2.4.2 want: ^3.0.3
1442 silly placeDep ROOT sisteransi@1.0.5 OK for: prompts@2.4.2 want: ^1.0.5
1443 silly placeDep ROOT scheduler@0.28.0 OK for: react-dom@19.3.0 want: ^0.28.0
1444 silly placeDep ROOT esprima@4.0.1 OK for: recast@0.23.21 want: ~4.0.0
1445 silly placeDep node_modules/recast source-map@0.6.1 OK for: recast@0.23.21 want: ~0.6.1
1446 silly placeDep ROOT tiny-invariant@1.3.3 OK for: recast@0.23.21 want: ^1.3.3
1447 silly placeDep node_modules/semver lru-cache@6.0.0 OK for: semver@7.5.3 want: ^6.0.0
1448 silly fetch manifest yallist@^4.0.0
1449 silly packumentCache full:https://registry.npmmirror.com/yallist cache-hit
1450 silly placeDep ROOT shebang-regex@3.0.0 OK for: shebang-command@2.0.0 want: ^3.0.0
1451 silly placeDep ROOT dot-case@3.0.4 OK for: snake-case@3.0.4 want: ^3.0.4
1452 silly fetch manifest no-case@^3.0.4
1453 silly packumentCache full:https://registry.npmmirror.com/no-case cache-miss
1454 http fetch GET 200 https://registry.npmmirror.com/no-case 28ms (cache miss)
1455 silly packumentCache full:https://registry.npmmirror.com/no-case set size:5562 disposed:false
1456 silly placeDep ROOT no-case@3.0.4 OK for: dot-case@3.0.4 want: ^3.0.4
1457 silly fetch manifest lower-case@^2.0.2
1458 silly packumentCache full:https://registry.npmmirror.com/lower-case cache-miss
1459 http fetch GET 200 https://registry.npmmirror.com/lower-case 19ms (cache miss)
1460 silly packumentCache full:https://registry.npmmirror.com/lower-case set size:5560 disposed:false
1461 silly placeDep ROOT lower-case@2.0.2 OK for: no-case@3.0.4 want: ^2.0.2
1462 silly placeDep ROOT fsevents@2.3.3 OK for: tsx@4.23.15 want: ~2.3.3
1463 silly placeDep ROOT escalade@3.2.0 OK for: update-browserslist-db@1.3.3 want: ^3.2.0
1464 silly fetch manifest webpack@^5.1.0
1465 silly packumentCache full:https://registry.npmmirror.com/webpack cache-hit
1466 silly placeDep ROOT @types/eslint-scope@3.7.7 OK for: webpack@5.105.0 want: ^3.7.7
1467 silly placeDep ROOT @types/estree@1.0.9 OK for: webpack@5.105.0 want: ^1.0.8
1468 silly placeDep ROOT @types/json-schema@7.0.15 OK for: webpack@5.105.0 want: ^7.0.15
1469 silly placeDep ROOT @webassemblyjs/ast@1.14.1 OK for: webpack@5.105.0 want: ^1.14.1
1470 silly placeDep ROOT @webassemblyjs/wasm-edit@1.14.1 OK for: webpack@5.105.0 want: ^1.14.1
1471 silly placeDep ROOT @webassemblyjs/wasm-parser@1.14.1 OK for: webpack@5.105.0 want: ^1.14.1
1472 silly placeDep ROOT acorn@8.18.0 OK for: webpack@5.105.0 want: ^8.15.0
1473 silly placeDep ROOT acorn-import-phases@1.0.4 OK for: webpack@5.105.0 want: ^1.0.3
1474 silly placeDep ROOT chrome-trace-event@1.0.4 OK for: webpack@5.105.0 want: ^1.0.2
1475 silly placeDep ROOT enhanced-resolve@5.25.1 OK for: webpack@5.105.0 want: ^5.19.0
1476 silly placeDep ROOT es-module-lexer@2.3.2 OK for: webpack@5.105.0 want: ^2.0.0
1477 silly placeDep ROOT eslint-scope@5.1.1 OK for: webpack@5.105.0 want: 5.1.1
1478 silly placeDep ROOT events@3.3.0 OK for: webpack@5.105.0 want: ^3.2.0
1479 silly placeDep ROOT glob-to-regexp@0.4.1 OK for: webpack@5.105.0 want: ^0.4.1
1480 silly placeDep ROOT graceful-fs@4.2.11 OK for: webpack@5.105.0 want: ^4.2.11
1481 silly placeDep ROOT loader-runner@4.3.2 OK for: webpack@5.105.0 want: ^4.3.1
1482 silly placeDep ROOT mime-types@2.1.35 OK for: webpack@5.105.0 want: ^2.1.27
1483 silly placeDep ROOT neo-async@2.6.2 OK for: webpack@5.105.0 want: ^2.6.2
1484 silly placeDep ROOT schema-utils@4.5.0 OK for: webpack@5.105.0 want: ^4.3.3
1485 silly placeDep ROOT tapable@2.3.3 OK for: webpack@5.105.0 want: ^2.3.0
1486 silly placeDep ROOT terser-webpack-plugin@5.6.1 OK for: webpack@5.105.0 want: ^5.3.16
1487 silly placeDep ROOT watchpack@2.5.2 OK for: webpack@5.105.0 want: ^2.5.1
1488 silly placeDep ROOT webpack-sources@3.6.0 OK for: webpack@5.105.0 want: ^3.3.3
1489 silly fetch manifest @types/eslint@*
1490 silly packumentCache full:https://registry.npmmirror.com/@types%2feslint cache-miss
1491 silly fetch manifest @types/estree@*
1492 silly packumentCache full:https://registry.npmmirror.com/@types%2festree cache-hit
1493 silly fetch manifest @webassemblyjs/helper-numbers@1.13.2
1494 silly packumentCache full:https://registry.npmmirror.com/@webassemblyjs%2fhelper-numbers cache-miss
1495 silly fetch manifest @webassemblyjs/helper-wasm-bytecode@1.13.2
1496 silly packumentCache full:https://registry.npmmirror.com/@webassemblyjs%2fhelper-wasm-bytecode cache-miss
1497 silly fetch manifest @webassemblyjs/helper-buffer@1.14.1
1498 silly packumentCache full:https://registry.npmmirror.com/@webassemblyjs%2fhelper-buffer cache-miss
1499 silly fetch manifest @webassemblyjs/helper-wasm-bytecode@1.13.2
1500 silly packumentCache full:https://registry.npmmirror.com/@webassemblyjs%2fhelper-wasm-bytecode cache-miss
1501 silly fetch manifest @webassemblyjs/helper-wasm-section@1.14.1
1502 silly packumentCache full:https://registry.npmmirror.com/@webassemblyjs%2fhelper-wasm-section cache-miss
1503 silly fetch manifest @webassemblyjs/wasm-gen@1.14.1
1504 silly packumentCache full:https://registry.npmmirror.com/@webassemblyjs%2fwasm-gen cache-miss
1505 silly fetch manifest @webassemblyjs/wasm-opt@1.14.1
1506 silly packumentCache full:https://registry.npmmirror.com/@webassemblyjs%2fwasm-opt cache-miss
1507 silly fetch manifest @webassemblyjs/wasm-parser@1.14.1
1508 silly packumentCache full:https://registry.npmmirror.com/@webassemblyjs%2fwasm-parser cache-hit
1509 silly fetch manifest @webassemblyjs/wast-printer@1.14.1
1510 silly packumentCache full:https://registry.npmmirror.com/@webassemblyjs%2fwast-printer cache-miss
1511 silly fetch manifest @webassemblyjs/helper-api-error@1.13.2
1512 silly packumentCache full:https://registry.npmmirror.com/@webassemblyjs%2fhelper-api-error cache-miss
1513 silly fetch manifest @webassemblyjs/helper-wasm-bytecode@1.13.2
1514 silly packumentCache full:https://registry.npmmirror.com/@webassemblyjs%2fhelper-wasm-bytecode cache-miss
1515 silly fetch manifest @webassemblyjs/ieee754@1.13.2
1516 silly packumentCache full:https://registry.npmmirror.com/@webassemblyjs%2fieee754 cache-miss
1517 silly fetch manifest @webassemblyjs/leb128@1.13.2
1518 silly packumentCache full:https://registry.npmmirror.com/@webassemblyjs%2fleb128 cache-miss
1519 silly fetch manifest @webassemblyjs/utf8@1.13.2
1520 silly packumentCache full:https://registry.npmmirror.com/@webassemblyjs%2futf8 cache-miss
1521 silly fetch manifest tapable@^2.3.3
1522 silly packumentCache full:https://registry.npmmirror.com/tapable cache-hit
1523 silly fetch manifest graceful-fs@^4.2.4
1524 silly packumentCache full:https://registry.npmmirror.com/graceful-fs cache-hit
1525 silly fetch manifest esrecurse@^4.3.0
1526 silly packumentCache full:https://registry.npmmirror.com/esrecurse cache-miss
1527 http fetch GET 200 https://registry.npmmirror.com/@webassemblyjs%2fhelper-buffer 42ms (cache miss)
1528 silly packumentCache full:https://registry.npmmirror.com/@webassemblyjs%2fhelper-buffer set size:21772 disposed:false
1529 silly fetch manifest estraverse@^4.1.1
1530 silly packumentCache full:https://registry.npmmirror.com/estraverse cache-miss
1531 http fetch GET 200 https://registry.npmmirror.com/@webassemblyjs%2fhelper-numbers 47ms (cache miss)
1532 silly packumentCache full:https://registry.npmmirror.com/@webassemblyjs%2fhelper-numbers set size:8049 disposed:false
1533 silly fetch manifest mime-db@1.52.0
1534 silly packumentCache full:https://registry.npmmirror.com/mime-db cache-miss
1535 http fetch GET 200 https://registry.npmmirror.com/@webassemblyjs%2fhelper-wasm-section 49ms (cache miss)
1536 silly packumentCache full:https://registry.npmmirror.com/@webassemblyjs%2fhelper-wasm-section set size:23648 disposed:false
1537 silly fetch manifest ajv@^8.20.0
1538 silly packumentCache full:https://registry.npmmirror.com/ajv cache-miss
1539 http fetch GET 200 https://registry.npmmirror.com/esrecurse 49ms (cache miss)
1540 silly packumentCache full:https://registry.npmmirror.com/esrecurse set size:6561 disposed:false
1541 silly fetch manifest ajv-formats@^3.0.1
1542 silly packumentCache full:https://registry.npmmirror.com/ajv-formats cache-miss
1543 http fetch GET 200 https://registry.npmmirror.com/@webassemblyjs%2fhelper-api-error 53ms (cache miss)
1544 silly packumentCache full:https://registry.npmmirror.com/@webassemblyjs%2fhelper-api-error set size:14875 disposed:false
1545 silly fetch manifest ajv-keywords@^5.1.0
1546 silly packumentCache full:https://registry.npmmirror.com/ajv-keywords cache-miss
1547 http fetch GET 200 https://registry.npmmirror.com/@webassemblyjs%2fhelper-wasm-bytecode 57ms (cache miss)
1548 silly packumentCache full:https://registry.npmmirror.com/@webassemblyjs%2fhelper-wasm-bytecode set size:22269 disposed:false
1549 silly fetch manifest jest-worker@^27.4.5
1550 silly packumentCache full:https://registry.npmmirror.com/jest-worker cache-miss
1551 http fetch GET 200 https://registry.npmmirror.com/@webassemblyjs%2fwast-printer 57ms (cache miss)
1552 silly packumentCache full:https://registry.npmmirror.com/@webassemblyjs%2fwast-printer set size:23833 disposed:false
1553 silly fetch manifest terser@^5.31.1
1554 silly packumentCache full:https://registry.npmmirror.com/terser cache-miss
1555 http fetch GET 200 https://registry.npmmirror.com/@webassemblyjs%2futf8 57ms (cache miss)
1556 silly packumentCache full:https://registry.npmmirror.com/@webassemblyjs%2futf8 set size:36096 disposed:false
1557 http fetch GET 200 https://registry.npmmirror.com/@webassemblyjs%2fhelper-wasm-bytecode 61ms (cache miss)
1558 silly packumentCache full:https://registry.npmmirror.com/@webassemblyjs%2fhelper-wasm-bytecode set size:22269 disposed:false
1559 silly packumentCache full:https://registry.npmmirror.com/@webassemblyjs%2fhelper-wasm-bytecode dispose
1560 http fetch GET 200 https://registry.npmmirror.com/@webassemblyjs%2fwasm-gen 63ms (cache miss)
1561 silly packumentCache full:https://registry.npmmirror.com/@webassemblyjs%2fwasm-gen set size:24134 disposed:false
1562 http fetch GET 200 https://registry.npmmirror.com/@webassemblyjs%2fwasm-opt 66ms (cache miss)
1563 silly packumentCache full:https://registry.npmmirror.com/@webassemblyjs%2fwasm-opt set size:18817 disposed:false
1564 http fetch GET 200 https://registry.npmmirror.com/@webassemblyjs%2fleb128 67ms (cache miss)
1565 silly packumentCache full:https://registry.npmmirror.com/@webassemblyjs%2fleb128 set size:64300 disposed:false
1566 http fetch GET 200 https://registry.npmmirror.com/@webassemblyjs%2fieee754 69ms (cache miss)
1567 silly packumentCache full:https://registry.npmmirror.com/@webassemblyjs%2fieee754 set size:36684 disposed:false
1568 http fetch GET 200 https://registry.npmmirror.com/@webassemblyjs%2fhelper-wasm-bytecode 76ms (cache miss)
1569 silly packumentCache full:https://registry.npmmirror.com/@webassemblyjs%2fhelper-wasm-bytecode set size:22269 disposed:true
1570 silly packumentCache full:https://registry.npmmirror.com/@webassemblyjs%2fhelper-wasm-bytecode dispose
1571 http fetch GET 200 https://registry.npmmirror.com/estraverse 34ms (cache miss)
1572 silly packumentCache full:https://registry.npmmirror.com/estraverse set size:10988 disposed:false
1573 http fetch GET 200 https://registry.npmmirror.com/mime-db 35ms (cache miss)
1574 silly packumentCache full:https://registry.npmmirror.com/mime-db set size:24206 disposed:false
1575 http fetch GET 200 https://registry.npmmirror.com/ajv-keywords 32ms (cache miss)
1576 silly packumentCache full:https://registry.npmmirror.com/ajv-keywords set size:22850 disposed:false
1577 http fetch GET 200 https://registry.npmmirror.com/ajv-formats 35ms (cache miss)
1578 silly packumentCache full:https://registry.npmmirror.com/ajv-formats set size:15007 disposed:false
1579 http fetch GET 200 https://registry.npmmirror.com/jest-worker 37ms (cache miss)
1580 silly packumentCache full:https://registry.npmmirror.com/jest-worker set size:90318 disposed:false
1581 http fetch GET 200 https://registry.npmmirror.com/terser 40ms (cache miss)
1582 silly packumentCache full:https://registry.npmmirror.com/terser set size:115805 disposed:false
1583 http fetch GET 200 https://registry.npmmirror.com/ajv 53ms (cache miss)
1584 silly packumentCache full:https://registry.npmmirror.com/ajv set size:129790 disposed:false
1585 http fetch GET 200 https://registry.npmmirror.com/@types%2feslint 129ms (cache miss)
1586 silly packumentCache full:https://registry.npmmirror.com/@types%2feslint set size:41765 disposed:false
1587 silly placeDep ROOT @types/eslint@9.6.1 OK for: @types/eslint-scope@3.7.7 want: *
1588 silly placeDep ROOT @webassemblyjs/helper-numbers@1.13.2 OK for: @webassemblyjs/ast@1.14.1 want: 1.13.2
1589 silly placeDep ROOT @webassemblyjs/helper-wasm-bytecode@1.13.2 OK for: @webassemblyjs/ast@1.14.1 want: 1.13.2
1590 silly fetch manifest @xtuc/long@4.2.2
1591 silly packumentCache full:https://registry.npmmirror.com/@xtuc%2flong cache-miss
1592 silly fetch manifest @webassemblyjs/floating-point-hex-parser@1.13.2
1593 silly packumentCache full:https://registry.npmmirror.com/@webassemblyjs%2ffloating-point-hex-parser cache-miss
1594 http fetch GET 200 https://registry.npmmirror.com/@webassemblyjs%2ffloating-point-hex-parser 25ms (cache miss)
1595 silly packumentCache full:https://registry.npmmirror.com/@webassemblyjs%2ffloating-point-hex-parser set size:21593 disposed:false
1596 http fetch GET 200 https://registry.npmmirror.com/@xtuc%2flong 26ms (cache miss)
1597 silly packumentCache full:https://registry.npmmirror.com/@xtuc%2flong set size:5218 disposed:false
1598 silly placeDep ROOT @webassemblyjs/floating-point-hex-parser@1.13.2 OK for: @webassemblyjs/helper-numbers@1.13.2 want: 1.13.2
1599 silly placeDep ROOT @webassemblyjs/helper-api-error@1.13.2 OK for: @webassemblyjs/helper-numbers@1.13.2 want: 1.13.2
1600 silly placeDep ROOT @xtuc/long@4.2.2 OK for: @webassemblyjs/helper-numbers@1.13.2 want: 4.2.2
1601 silly placeDep ROOT @webassemblyjs/helper-buffer@1.14.1 OK for: @webassemblyjs/wasm-edit@1.14.1 want: 1.14.1
1602 silly placeDep ROOT @webassemblyjs/helper-wasm-section@1.14.1 OK for: @webassemblyjs/wasm-edit@1.14.1 want: 1.14.1
1603 silly placeDep ROOT @webassemblyjs/wasm-gen@1.14.1 OK for: @webassemblyjs/wasm-edit@1.14.1 want: 1.14.1
1604 silly placeDep ROOT @webassemblyjs/wasm-opt@1.14.1 OK for: @webassemblyjs/wasm-edit@1.14.1 want: 1.14.1
1605 silly placeDep ROOT @webassemblyjs/wast-printer@1.14.1 OK for: @webassemblyjs/wasm-edit@1.14.1 want: 1.14.1
1606 silly placeDep ROOT @webassemblyjs/ieee754@1.13.2 OK for: @webassemblyjs/wasm-gen@1.14.1 want: 1.13.2
1607 silly placeDep ROOT @webassemblyjs/leb128@1.13.2 OK for: @webassemblyjs/wasm-gen@1.14.1 want: 1.13.2
1608 silly placeDep ROOT @webassemblyjs/utf8@1.13.2 OK for: @webassemblyjs/wasm-gen@1.14.1 want: 1.13.2
1609 silly fetch manifest @xtuc/ieee754@^1.2.0
1610 silly packumentCache full:https://registry.npmmirror.com/@xtuc%2fieee754 cache-miss
1611 http fetch GET 200 https://registry.npmmirror.com/@xtuc%2fieee754 24ms (cache miss)
1612 silly packumentCache full:https://registry.npmmirror.com/@xtuc%2fieee754 set size:1892 disposed:false
1613 silly placeDep ROOT @xtuc/ieee754@1.2.0 OK for: @webassemblyjs/ieee754@1.13.2 want: ^1.2.0
1614 silly placeDep ROOT esrecurse@4.3.0 OK for: eslint-scope@5.1.1 want: ^4.3.0
1615 silly placeDep ROOT estraverse@4.3.0 OK for: eslint-scope@5.1.1 want: ^4.1.1
1616 silly fetch manifest estraverse@^5.2.0
1617 silly packumentCache full:https://registry.npmmirror.com/estraverse cache-hit
1618 silly placeDep node_modules/esrecurse estraverse@5.3.0 OK for: esrecurse@4.3.0 want: ^5.2.0
1619 silly placeDep ROOT mime-db@1.52.0 OK for: mime-types@2.1.35 want: 1.52.0
1620 silly placeDep ROOT ajv@8.20.0 OK for: schema-utils@4.5.0 want: ^8.20.0
1621 silly placeDep ROOT ajv-formats@3.0.1 OK for: schema-utils@4.5.0 want: ^3.0.1
1622 silly placeDep ROOT ajv-keywords@5.1.0 OK for: schema-utils@4.5.0 want: ^5.1.0
1623 silly fetch manifest fast-deep-equal@^3.1.3
1624 silly packumentCache full:https://registry.npmmirror.com/fast-deep-equal cache-miss
1625 silly fetch manifest fast-uri@^3.0.1
1626 silly packumentCache full:https://registry.npmmirror.com/fast-uri cache-miss
1627 silly fetch manifest json-schema-traverse@^1.0.0
1628 silly packumentCache full:https://registry.npmmirror.com/json-schema-traverse cache-miss
1629 silly fetch manifest require-from-string@^2.0.2
1630 silly packumentCache full:https://registry.npmmirror.com/require-from-string cache-miss
1631 silly fetch manifest fast-deep-equal@^3.1.3
1632 silly packumentCache full:https://registry.npmmirror.com/fast-deep-equal cache-miss
1633 http fetch GET 200 https://registry.npmmirror.com/require-from-string 26ms (cache miss)
1634 silly packumentCache full:https://registry.npmmirror.com/require-from-string set size:3441 disposed:false
1635 http fetch GET 200 https://registry.npmmirror.com/fast-deep-equal 28ms (cache miss)
1636 silly packumentCache full:https://registry.npmmirror.com/fast-deep-equal set size:6487 disposed:false
1637 http fetch GET 200 https://registry.npmmirror.com/json-schema-traverse 29ms (cache miss)
1638 silly packumentCache full:https://registry.npmmirror.com/json-schema-traverse set size:4662 disposed:false
1639 http fetch GET 200 https://registry.npmmirror.com/fast-deep-equal 30ms (cache miss)
1640 silly packumentCache full:https://registry.npmmirror.com/fast-deep-equal set size:6487 disposed:false
1641 silly packumentCache full:https://registry.npmmirror.com/fast-deep-equal dispose
1642 http fetch GET 200 https://registry.npmmirror.com/fast-uri 32ms (cache miss)
1643 silly packumentCache full:https://registry.npmmirror.com/fast-uri set size:28304 disposed:false
1644 silly placeDep ROOT fast-deep-equal@3.1.3 OK for: ajv@8.20.0 want: ^3.1.3
1645 silly placeDep ROOT fast-uri@3.1.8 OK for: ajv@8.20.0 want: ^3.0.1
1646 silly placeDep ROOT json-schema-traverse@1.0.0 OK for: ajv@8.20.0 want: ^1.0.0
1647 silly placeDep ROOT require-from-string@2.0.2 OK for: ajv@8.20.0 want: ^2.0.2
1648 silly placeDep ROOT jest-worker@27.5.1 OK for: terser-webpack-plugin@5.6.1 want: ^27.4.5
1649 silly placeDep ROOT terser@5.51.2 OK for: terser-webpack-plugin@5.6.1 want: ^5.31.1
1650 silly fetch manifest @types/node@*
1651 silly packumentCache full:https://registry.npmmirror.com/@types%2fnode cache-miss
1652 silly fetch manifest supports-color@^8.0.0
1653 silly packumentCache full:https://registry.npmmirror.com/supports-color cache-miss
1654 silly fetch manifest commander@^2.20.0
1655 silly packumentCache full:https://registry.npmmirror.com/commander cache-miss
1656 silly fetch manifest source-map-support@~0.5.20
1657 silly packumentCache full:https://registry.npmmirror.com/source-map-support cache-miss
1658 silly fetch manifest @jridgewell/source-map@^0.3.3
1659 silly packumentCache full:https://registry.npmmirror.com/@jridgewell%2fsource-map cache-miss
1660 http fetch GET 200 https://registry.npmmirror.com/supports-color 26ms (cache miss)
1661 silly packumentCache full:https://registry.npmmirror.com/supports-color set size:23937 disposed:false
1662 http fetch GET 200 https://registry.npmmirror.com/@jridgewell%2fsource-map 28ms (cache miss)
1663 silly packumentCache full:https://registry.npmmirror.com/@jridgewell%2fsource-map set size:10467 disposed:false
1664 http fetch GET 200 https://registry.npmmirror.com/commander 31ms (cache miss)
1665 silly packumentCache full:https://registry.npmmirror.com/commander set size:62667 disposed:false
1666 http fetch GET 200 https://registry.npmmirror.com/source-map-support 39ms (cache miss)
1667 silly packumentCache full:https://registry.npmmirror.com/source-map-support set size:21556 disposed:false
1668 http fetch GET 200 https://registry.npmmirror.com/@types%2fnode 120ms (cache miss)
1669 silly packumentCache full:https://registry.npmmirror.com/@types%2fnode set size:1177145 disposed:false
1670 silly placeDep ROOT @types/node@26.6.3 OK for: jest-worker@27.5.1 want: *
1671 silly placeDep ROOT supports-color@8.1.1 OK for: jest-worker@27.5.1 want: ^8.0.0
1672 silly fetch manifest undici-types@~8.9.0
1673 silly packumentCache full:https://registry.npmmirror.com/undici-types cache-miss
1674 silly fetch manifest has-flag@^4.0.0
1675 silly packumentCache full:https://registry.npmmirror.com/has-flag cache-miss
1676 http fetch GET 200 https://registry.npmmirror.com/has-flag 30ms (cache miss)
1677 silly packumentCache full:https://registry.npmmirror.com/has-flag set size:3321 disposed:false
1678 http fetch GET 200 https://registry.npmmirror.com/undici-types 40ms (cache miss)
1679 silly packumentCache full:https://registry.npmmirror.com/undici-types set size:51346 disposed:false
1680 silly placeDep ROOT undici-types@8.9.0 OK for: @types/node@26.6.3 want: ~8.9.0
1681 silly placeDep ROOT has-flag@4.0.0 OK for: supports-color@8.1.1 want: ^4.0.0
1682 silly placeDep ROOT @jridgewell/source-map@0.3.11 OK for: terser@5.51.2 want: ^0.3.3
1683 silly placeDep ROOT commander@2.20.3 OK for: terser@5.51.2 want: ^2.20.0
1684 silly placeDep ROOT source-map-support@0.5.21 OK for: terser@5.51.2 want: ~0.5.20
1685 silly fetch manifest buffer-from@^1.0.0
1686 silly packumentCache full:https://registry.npmmirror.com/buffer-from cache-miss
1687 silly fetch manifest source-map@^0.6.0
1688 silly packumentCache full:https://registry.npmmirror.com/source-map cache-hit
1689 http fetch GET 200 https://registry.npmmirror.com/buffer-from 21ms (cache miss)
1690 silly packumentCache full:https://registry.npmmirror.com/buffer-from set size:3455 disposed:false
1691 silly placeDep ROOT buffer-from@1.1.2 OK for: source-map-support@0.5.21 want: ^1.0.0
1692 silly placeDep node_modules/source-map-support source-map@0.6.1 OK for: source-map-support@0.5.21 want: ^0.6.0
1693 silly placeDep ROOT isexe@2.0.0 OK for: which@2.0.2 want: ^2.0.0
1694 silly placeDep ROOT adler-32@1.3.1 OK for: xlsx@0.18.5 want: ~1.3.0
1695 silly placeDep ROOT cfb@1.2.2 OK for: xlsx@0.18.5 want: ~1.2.1
1696 silly placeDep ROOT codepage@1.15.0 OK for: xlsx@0.18.5 want: ~1.15.0
1697 silly placeDep ROOT crc-32@1.2.2 OK for: xlsx@0.18.5 want: ~1.2.1
1698 silly placeDep ROOT ssf@0.11.2 OK for: xlsx@0.18.5 want: ~0.11.2
1699 silly placeDep ROOT wmf@1.0.2 OK for: xlsx@0.18.5 want: ~1.0.1
1700 silly placeDep ROOT word@0.3.0 OK for: xlsx@0.18.5 want: ~0.3.0
1701 silly fetch manifest crc-32@~1.2.0
1702 silly packumentCache full:https://registry.npmmirror.com/crc-32 cache-hit
1703 silly fetch manifest frac@~1.1.2
1704 silly packumentCache full:https://registry.npmmirror.com/frac cache-miss
1705 http fetch GET 200 https://registry.npmmirror.com/frac 25ms (cache miss)
1706 silly packumentCache full:https://registry.npmmirror.com/frac set size:5597 disposed:false
1707 silly placeDep ROOT frac@1.1.2 OK for: ssf@0.11.2 want: ~1.1.2
1708 silly placeDep node_modules/semver yallist@4.0.0 OK for: lru-cache@6.0.0 want: ^4.0.0
1709 silly reify moves {}
1710 silly audit bulk request {
1710 silly audit   '@remotion/cli': [ '4.0.529' ],
1710 silly audit   react: [ '19.3.0' ],
1710 silly audit   'react-dom': [ '19.3.0' ],
1710 silly audit   '@turf/centroid': [ '7.4.0' ],
1710 silly audit   '@turf/helpers': [ '7.4.0' ],
1710 silly audit   '@types/d3-geo': [ '3.1.1' ],
1710 silly audit   '@types/react': [ '19.3.0' ],
1710 silly audit   '@types/react-dom': [ '19.3.0' ],
1710 silly audit   'd3-geo': [ '3.1.1' ],
1710 silly audit   remotion: [ '4.0.529' ],
1710 silly audit   tsx: [ '4.23.15' ],
1710 silly audit   typescript: [ '5.9.3' ],
1710 silly audit   xlsx: [ '0.18.5' ],
1710 silly audit   zod: [ '4.6.5', '4.5.4' ],
1710 silly audit   '@babel/parser': [ '7.24.1', '7.29.9' ],
1710 silly audit   '@remotion/bundler': [ '4.0.529' ],
1710 silly audit   '@remotion/media-utils': [ '4.0.529' ],
1710 silly audit   '@remotion/player': [ '4.0.529' ],
1710 silly audit   '@remotion/renderer': [ '4.0.529' ],
1710 silly audit   '@remotion/studio': [ '4.0.529' ],
1710 silly audit   '@remotion/studio-server': [ '4.0.529' ],
1710 silly audit   '@remotion/studio-shared': [ '4.0.529' ],
1710 silly audit   dotenv: [ '17.3.1' ],
1710 silly audit   minimist: [ '1.2.6' ],
1710 silly audit   prompts: [ '2.4.2' ],
1710 silly audit   semver: [ '7.5.3', '6.3.1', '7.8.5' ],
1710 silly audit   '@remotion/media-parser': [ '4.0.529' ],
1710 silly audit   '@remotion/timeline-utils': [ '4.0.529' ],
1710 silly audit   '@rspack/core': [ '1.7.11' ],
1710 silly audit   '@rspack/plugin-react-refresh': [ '1.6.1' ],
1710 silly audit   'react-refresh': [ '0.18.0' ],
1710 silly audit   'css-loader': [ '7.1.4' ],
1710 silly audit   esbuild: [ '0.28.1' ],
1710 silly audit   'style-loader': [ '4.0.0' ],
1710 silly audit   webpack: [ '5.105.0' ],
1710 silly audit   mediabunny: [ '1.56.1' ],
1710 silly audit   '@remotion/compositor-darwin-arm64': [ '4.0.529' ],
1710 silly audit   '@remotion/compositor-darwin-x64': [ '4.0.529' ],
1710 silly audit   '@remotion/compositor-linux-arm64-gnu': [ '4.0.529' ],
1710 silly audit   '@remotion/compositor-linux-arm64-musl': [ '4.0.529' ],
1710 silly audit   '@remotion/compositor-linux-x64-gnu': [ '4.0.529' ],
1710 silly audit   '@remotion/compositor-linux-x64-musl': [ '4.0.529' ],
1710 silly audit   '@remotion/compositor-win32-x64-msvc': [ '4.0.529' ],
1710 silly audit   '@remotion/licensing': [ '4.0.529' ],
1710 silly audit   '@remotion/streaming': [ '4.0.529' ],
1710 silly audit   execa: [ '5.1.1' ],
1710 silly audit   'source-map': [ '0.8.0', '0.6.1' ],
1710 silly audit   ws: [ '8.21.0' ],
1710 silly audit   '@jridgewell/trace-mapping': [ '0.3.31' ],
1710 silly audit   '@remotion/canvas': [ '4.0.529' ],
1710 silly audit   '@remotion/captions': [ '4.0.529' ],
1710 silly audit   '@remotion/codemods': [ '4.0.529' ],
1710 silly audit   '@remotion/media': [ '4.0.529' ],
1710 silly audit   '@remotion/paths': [ '4.0.529' ],
1710 silly audit   '@remotion/studio-protocol': [ '4.0.529' ],
1710 silly audit   '@remotion/web-renderer': [ '4.0.529' ],
1710 silly audit   '@remotion/zod-types': [ '4.0.529' ],
1710 silly audit   '@tanstack/react-virtual': [ '3.14.9' ],
1710 silly audit   memfs: [ '3.4.3' ],
1710 silly audit   open: [ '8.4.2' ],
1710 silly audit   prismjs: [ '1.30.0' ],
1710 silly audit   '@jridgewell/resolve-uri': [ '3.1.2' ],
1710 silly audit   '@jridgewell/sourcemap-codec': [ '1.6.0' ],
1710 silly audit   '@babel/types': [ '7.24.0', '7.29.8' ],
1710 silly audit   'ast-types': [ '0.16.1' ],
1710 silly audit   recast: [ '0.23.21' ],
1710 silly audit   '@babel/helper-string-parser': [ '7.29.7' ],
1710 silly audit   '@babel/helper-validator-identifier': [ '7.29.7' ],
1710 silly audit   'to-fast-properties': [ '2.0.0' ],
1710 silly audit   '@svgr/core': [ '8.1.0' ],
1710 silly audit   '@svgr/plugin-jsx': [ '8.1.0' ],
1710 silly audit   'kiwi-schema': [ '0.5.0' ],
1710 silly audit   '@mediabunny/aac-encoder': [ '1.56.1' ],
1710 silly audit   '@mediabunny/flac-encoder': [ '1.56.1' ],
1710 silly audit   '@mediabunny/mp3-encoder': [ '1.56.1' ],
1710 silly audit   '@module-federation/runtime-tools': [ '0.22.0' ],
1710 silly audit   '@rspack/binding': [ '1.7.11' ],
1710 silly audit   '@rspack/lite-tapable': [ '1.1.0' ],
1710 silly audit   '@module-federation/runtime': [ '0.22.0' ],
1710 silly audit   '@module-federation/webpack-bundler-runtime': [ '0.22.0' ],
1710 silly audit   '@module-federation/error-codes': [ '0.22.0' ],
1710 silly audit   '@module-federation/runtime-core': [ '0.22.0' ],
1710 silly audit   '@module-federation/sdk': [ '0.22.0' ],
1710 silly audit   '@rspack/binding-darwin-arm64': [ '1.7.11' ],
1710 silly audit   '@rspack/binding-darwin-x64': [ '1.7.11' ],
1710 silly audit   '@rspack/binding-linux-arm64-gnu': [ '1.7.11' ],
1710 silly audit   '@rspack/binding-linux-arm64-musl': [ '1.7.11' ],
1710 silly audit   '@rspack/binding-linux-x64-gnu': [ '1.7.11' ],
1710 silly audit   '@rspack/binding-linux-x64-musl': [ '1.7.11' ],
1710 silly audit   '@rspack/binding-wasm32-wasi': [ '1.7.11' ],
1710 silly audit   '@rspack/binding-win32-arm64-msvc': [ '1.7.11' ],
1710 silly audit   '@rspack/binding-win32-ia32-msvc': [ '1.7.11' ],
1710 silly audit   '@rspack/binding-win32-x64-msvc': [ '1.7.11' ],
1710 silly audit   '@napi-rs/wasm-runtime': [ '1.0.7' ],
1710 silly audit   '@emnapi/core': [ '1.11.3' ],
1710 silly audit   '@emnapi/runtime': [ '1.11.3' ],
1710 silly audit   '@tybys/wasm-util': [ '0.10.4' ],
1710 silly audit   '@emnapi/wasi-threads': [ '1.2.3' ],
1710 silly audit   tslib: [ '2.8.1' ],
1710 silly audit   'error-stack-parser': [ '2.1.4' ],
1710 silly audit   'html-entities': [ '2.6.0' ],
1710 silly audit   '@babel/core': [ '7.29.7' ],
1710 silly audit   '@svgr/babel-preset': [ '8.1.0' ],
1710 silly audit   camelcase: [ '6.3.0' ],
1710 silly audit   cosmiconfig: [ '8.3.6' ],
1710 silly audit   'snake-case': [ '3.0.4' ],
1710 silly audit   '@babel/code-frame': [ '7.29.7' ],
1710 silly audit   '@babel/generator': [ '7.29.8' ],
1710 silly audit   '@babel/helper-compilation-targets': [ '7.29.7' ],
1710 silly audit   '@babel/helper-module-transforms': [ '7.29.7' ],
1710 silly audit   '@babel/helpers': [ '7.29.7' ],
1710 silly audit   '@babel/template': [ '7.29.7' ],
1710 silly audit   '@babel/traverse': [ '7.29.8' ],
1710 silly audit   '@jridgewell/remapping': [ '2.3.5' ],
1710 silly audit   'convert-source-map': [ '2.0.0' ],
1710 silly audit   debug: [ '4.4.3' ],
1710 silly audit   gensync: [ '1.0.0-beta.2' ],
1710 silly audit   json5: [ '2.2.3' ],
1710 silly audit   'js-tokens': [ '4.0.0' ],
1710 silly audit   picocolors: [ '1.1.1' ],
1710 silly audit   '@jridgewell/gen-mapping': [ '0.3.13' ],
1710 silly audit   jsesc: [ '3.1.0' ],
1710 silly audit   '@babel/compat-data': [ '7.29.7' ],
1710 silly audit   '@babel/helper-validator-option': [ '7.29.7' ],
1710 silly audit   browserslist: [ '4.29.2' ],
1710 silly audit   'lru-cache': [ '5.1.1', '6.0.0' ],
1710 silly audit   '@babel/helper-module-imports': [ '7.29.7' ],
1710 silly audit   '@babel/helper-globals': [ '7.29.7' ],
1710 silly audit   '@svgr/babel-plugin-add-jsx-attribute': [ '8.0.0' ],
1710 silly audit   '@svgr/babel-plugin-remove-jsx-attribute': [ '8.0.0' ],
1710 silly audit   '@svgr/babel-plugin-remove-jsx-empty-expression': [ '8.0.0' ],
1710 silly audit   '@svgr/babel-plugin-replace-jsx-attribute-value': [ '8.0.0' ],
1710 silly audit   '@svgr/babel-plugin-svg-dynamic-title': [ '8.0.0' ],
1710 silly audit   '@svgr/babel-plugin-svg-em-dimensions': [ '8.0.0' ],
1710 silly audit   '@svgr/babel-plugin-transform-react-native-svg': [ '8.1.0' ],
1710 silly audit   '@svgr/babel-plugin-transform-svg-component': [ '8.0.0' ],
1710 silly audit   '@svgr/hast-util-to-babel-ast': [ '8.0.0' ],
1710 silly audit   'svg-parser': [ '2.1.0' ],
1710 silly audit   entities: [ '4.5.0' ],
1710 silly audit   '@tanstack/virtual-core': [ '3.17.7' ],
1710 silly audit   '@turf/meta': [ '7.4.0' ],
1710 silly audit   '@types/geojson': [ '7946.0.16' ],
1710 silly audit   csstype: [ '3.2.3' ],
1710 silly audit   'baseline-browser-mapping': [ '2.11.26' ],
1710 silly audit   'caniuse-lite': [ '1.0.30001813' ],
1710 silly audit   'electron-to-chromium': [ '1.5.440' ],
1710 silly audit   'node-releases': [ '2.0.57' ],
1710 silly audit   'update-browserslist-db': [ '1.3.3' ],
1710 silly audit   'import-fresh': [ '3.3.1' ],
1710 silly audit   'js-yaml': [ '4.3.2' ],
1710 silly audit   'parse-json': [ '5.2.0' ],
1710 silly audit   'path-type': [ '4.0.0' ],
1710 silly audit   'icss-utils': [ '5.1.0' ],
1710 silly audit   postcss: [ '8.5.28' ],
1710 silly audit   'postcss-modules-extract-imports': [ '3.1.0' ],
1710 silly audit   'postcss-modules-local-by-default': [ '4.2.0' ],
1710 silly audit   'postcss-modules-scope': [ '3.2.1' ],
1710 silly audit   'postcss-modules-values': [ '4.0.0' ],
1710 silly audit   'postcss-value-parser': [ '4.2.0' ],
1710 silly audit   'd3-array': [ '3.2.4' ],
1710 silly audit   internmap: [ '2.0.3' ],
1710 silly audit   ms: [ '2.1.3' ],
1710 silly audit   stackframe: [ '1.3.4' ],
1710 silly audit   '@esbuild/aix-ppc64': [ '0.28.1' ],
1710 silly audit   '@esbuild/android-arm': [ '0.28.1' ],
1710 silly audit   '@esbuild/android-arm64': [ '0.28.1' ],
1710 silly audit   '@esbuild/android-x64': [ '0.28.1' ],
1710 silly audit   '@esbuild/darwin-arm64': [ '0.28.1' ],
1710 silly audit   '@esbuild/darwin-x64': [ '0.28.1' ],
1710 silly audit   '@esbuild/freebsd-arm64': [ '0.28.1' ],
1710 silly audit   '@esbuild/freebsd-x64': [ '0.28.1' ],
1710 silly audit   '@esbuild/linux-arm': [ '0.28.1' ],
1710 silly audit   '@esbuild/linux-arm64': [ '0.28.1' ],
1710 silly audit   '@esbuild/linux-ia32': [ '0.28.1' ],
1710 silly audit   '@esbuild/linux-loong64': [ '0.28.1' ],
1710 silly audit   '@esbuild/linux-mips64el': [ '0.28.1' ],
1710 silly audit   '@esbuild/linux-ppc64': [ '0.28.1' ],
1710 silly audit   '@esbuild/linux-riscv64': [ '0.28.1' ],
1710 silly audit   '@esbuild/linux-s390x': [ '0.28.1' ],
1710 silly audit   '@esbuild/linux-x64': [ '0.28.1' ],
1710 silly audit   '@esbuild/netbsd-arm64': [ '0.28.1' ],
1710 silly audit   '@esbuild/netbsd-x64': [ '0.28.1' ],
1710 silly audit   '@esbuild/openbsd-arm64': [ '0.28.1' ],
1710 silly audit   '@esbuild/openbsd-x64': [ '0.28.1' ],
1710 silly audit   '@esbuild/openharmony-arm64': [ '0.28.1' ],
1710 silly audit   '@esbuild/sunos-x64': [ '0.28.1' ],
1710 silly audit   '@esbuild/win32-arm64': [ '0.28.1' ],
1710 silly audit   '@esbuild/win32-ia32': [ '0.28.1' ],
1710 silly audit   '@esbuild/win32-x64': [ '0.28.1' ],
1710 silly audit   'cross-spawn': [ '7.0.6' ],
1710 silly audit   'get-stream': [ '6.0.1' ],
1710 silly audit   'human-signals': [ '2.1.0' ],
1710 silly audit   'is-stream': [ '2.0.1' ],
1710 silly audit   'merge-stream': [ '2.0.0' ],
1710 silly audit   'npm-run-path': [ '4.0.1' ],
1710 silly audit   onetime: [ '5.1.2' ],
1710 silly audit   'signal-exit': [ '3.0.7' ],
1710 silly audit   'strip-final-newline': [ '2.0.0' ],
1710 silly audit   'path-key': [ '3.1.1' ],
1710 silly audit   'shebang-command': [ '2.0.0' ],
1710 silly audit   which: [ '2.0.2' ],
1710 silly audit   'parent-module': [ '1.0.1' ],
1710 silly audit   'resolve-from': [ '4.0.0' ],
1710 silly audit   argparse: [ '2.0.1' ],
1710 silly audit   yallist: [ '3.1.1', '4.0.0' ],
1710 silly audit   '@types/dom-mediacapture-transform': [ '0.1.12' ],
1710 silly audit   '@types/dom-webcodecs': [ '0.1.13' ],
1710 silly audit   'fs-monkey': [ '1.0.3' ],
1710 silly audit   'mimic-fn': [ '2.1.0' ],
1710 silly audit   'define-lazy-prop': [ '2.0.0' ],
1710 silly audit   'is-docker': [ '2.2.1' ],
1710 silly audit   'is-wsl': [ '2.2.0' ],
1710 silly audit   callsites: [ '3.1.0' ],
1710 silly audit   'error-ex': [ '1.3.4' ],
1710 silly audit   'json-parse-even-better-errors': [ '2.3.1' ],
1710 silly audit   'lines-and-columns': [ '1.2.4' ],
1710 silly audit   'is-arrayish': [ '0.2.1' ],
1710 silly audit   nanoid: [ '3.3.19' ],
1710 silly audit   'source-map-js': [ '1.2.1' ],
1710 silly audit   'postcss-selector-parser': [ '7.1.6' ],
1710 silly audit   cssesc: [ '3.0.0' ],
1710 silly audit   'util-deprecate': [ '1.0.2' ],
1710 silly audit   kleur: [ '3.0.3' ],
1710 silly audit   sisteransi: [ '1.0.5' ],
1710 silly audit   scheduler: [ '0.28.0' ],
1710 silly audit   esprima: [ '4.0.1' ],
1710 silly audit   'tiny-invariant': [ '1.3.3' ],
1710 silly audit   'shebang-regex': [ '3.0.0' ],
1710 silly audit   'dot-case': [ '3.0.4' ],
1710 silly audit   'no-case': [ '3.0.4' ],
1710 silly audit   'lower-case': [ '2.0.2' ],
1710 silly audit   fsevents: [ '2.3.3' ],
1710 silly audit   escalade: [ '3.2.0' ],
1710 silly audit   '@types/eslint-scope': [ '3.7.7' ],
1710 silly audit   '@types/estree': [ '1.0.9' ],
1710 silly audit   '@types/json-schema': [ '7.0.15' ],
1710 silly audit   '@webassemblyjs/ast': [ '1.14.1' ],
1710 silly audit   '@webassemblyjs/wasm-edit': [ '1.14.1' ],
1710 silly audit   '@webassemblyjs/wasm-parser': [ '1.14.1' ],
1710 silly audit   acorn: [ '8.18.0' ],
1710 silly audit   'acorn-import-phases': [ '1.0.4' ],
1710 silly audit   'chrome-trace-event': [ '1.0.4' ],
1710 silly audit   'enhanced-resolve': [ '5.25.1' ],
1710 silly audit   'es-module-lexer': [ '2.3.2' ],
1710 silly audit   'eslint-scope': [ '5.1.1' ],
1710 silly audit   events: [ '3.3.0' ],
1710 silly audit   'glob-to-regexp': [ '0.4.1' ],
1710 silly audit   'graceful-fs': [ '4.2.11' ],
1710 silly audit   'loader-runner': [ '4.3.2' ],
1710 silly audit   'mime-types': [ '2.1.35' ],
1710 silly audit   'neo-async': [ '2.6.2' ],
1710 silly audit   'schema-utils': [ '4.5.0' ],
1710 silly audit   tapable: [ '2.3.3' ],
1710 silly audit   'terser-webpack-plugin': [ '5.6.1' ],
1710 silly audit   watchpack: [ '2.5.2' ],
1710 silly audit   'webpack-sources': [ '3.6.0' ],
1710 silly audit   '@types/eslint': [ '9.6.1' ],
1710 silly audit   '@webassemblyjs/helper-numbers': [ '1.13.2' ],
1710 silly audit   '@webassemblyjs/helper-wasm-bytecode': [ '1.13.2' ],
1710 silly audit   '@webassemblyjs/floating-point-hex-parser': [ '1.13.2' ],
1710 silly audit   '@webassemblyjs/helper-api-error': [ '1.13.2' ],
1710 silly audit   '@xtuc/long': [ '4.2.2' ],
1710 silly audit   '@webassemblyjs/helper-buffer': [ '1.14.1' ],
1710 silly audit   '@webassemblyjs/helper-wasm-section': [ '1.14.1' ],
1710 silly audit   '@webassemblyjs/wasm-gen': [ '1.14.1' ],
1710 silly audit   '@webassemblyjs/wasm-opt': [ '1.14.1' ],
1710 silly audit   '@webassemblyjs/wast-printer': [ '1.14.1' ],
1710 silly audit   '@webassemblyjs/ieee754': [ '1.13.2' ],
1710 silly audit   '@webassemblyjs/leb128': [ '1.13.2' ],
1710 silly audit   '@webassemblyjs/utf8': [ '1.13.2' ],
1710 silly audit   '@xtuc/ieee754': [ '1.2.0' ],
1710 silly audit   esrecurse: [ '4.3.0' ],
1710 silly audit   estraverse: [ '4.3.0', '5.3.0' ],
1710 silly audit   'mime-db': [ '1.52.0' ],
1710 silly audit   ajv: [ '8.20.0' ],
1710 silly audit   'ajv-formats': [ '3.0.1' ],
1710 silly audit   'ajv-keywords': [ '5.1.0' ],
1710 silly audit   'fast-deep-equal': [ '3.1.3' ],
1710 silly audit   'fast-uri': [ '3.1.8' ],
1710 silly audit   'json-schema-traverse': [ '1.0.0' ],
1710 silly audit   'require-from-string': [ '2.0.2' ],
1710 silly audit   'jest-worker': [ '27.5.1' ],
1710 silly audit   terser: [ '5.51.2' ],
1710 silly audit   '@types/node': [ '26.6.3' ],
1710 silly audit   'supports-color': [ '8.1.1' ],
1710 silly audit   'undici-types': [ '8.9.0' ],
1710 silly audit   'has-flag': [ '4.0.0' ],
1710 silly audit   '@jridgewell/source-map': [ '0.3.11' ],
1710 silly audit   commander: [ '2.20.3' ],
1710 silly audit   'source-map-support': [ '0.5.21' ],
1710 silly audit   'buffer-from': [ '1.1.2' ],
1710 silly audit   isexe: [ '2.0.0' ],
1710 silly audit   'adler-32': [ '1.3.1' ],
1710 silly audit   cfb: [ '1.2.2' ],
1710 silly audit   codepage: [ '1.15.0' ],
1710 silly audit   'crc-32': [ '1.2.2' ],
1710 silly audit   ssf: [ '0.11.2' ],
1710 silly audit   wmf: [ '1.0.2' ],
1710 silly audit   word: [ '0.3.0' ],
1710 silly audit   frac: [ '1.1.2' ]
1710 silly audit }
1711 http fetch POST 404 https://registry.npmmirror.com/-/npm/v1/security/advisories/bulk 55ms
1712 verbose audit error HttpErrorGeneral: 404 Not Found - POST https://registry.npmmirror.com/-/npm/v1/security/advisories/bulk - [NOT_IMPLEMENTED] /-/npm/v1/security/* not implemented yet
1712 verbose audit error     at D:\frontsoftware\nvmlist\install\nvm\v24.21.0\node_modules\npm\node_modules\npm-registry-fetch\lib\check-response.js:103:15
1712 verbose audit error     at process.processTicksAndRejections (node:internal/process/task_queues:104:5)
1712 verbose audit error     at async #getReport (D:\frontsoftware\nvmlist\install\nvm\v24.21.0\node_modules\npm\node_modules\@npmcli\arborist\lib\audit-report.js:334:19)
1712 verbose audit error     at async AuditReport.run (D:\frontsoftware\nvmlist\install\nvm\v24.21.0\node_modules\npm\node_modules\@npmcli\arborist\lib\audit-report.js:101:19) {
1712 verbose audit error   headers: [Object: null prototype] {
1712 verbose audit error     server: [ 'Tengine' ],
1712 verbose audit error     date: [ 'Tue, 29 Sep 2026 07:44:06 GMT' ],
1712 verbose audit error     'content-type': [ 'application/json' ],
1712 verbose audit error     'transfer-encoding': [ 'chunked' ],
1712 verbose audit error     connection: [ 'keep-alive' ],
1712 verbose audit error     'strict-transport-security': [ 'max-age=5184000' ],
1712 verbose audit error     via: [ 'kunlun10.cn8884[,404666]' ],
1712 verbose audit error     'timing-allow-origin': [ '*' ],
1712 verbose audit error     eagleid: [ '78e23ba017906678461801341e' ],
1712 verbose audit error     'x-fetch-attempts': [ '1' ]
1712 verbose audit error   },
1712 verbose audit error   statusCode: 404,
1712 verbose audit error   code: 'E404',
1712 verbose audit error   method: 'POST',
1712 verbose audit error   uri: 'https://registry.npmmirror.com/-/npm/v1/security/advisories/bulk',
1712 verbose audit error   body: {
1712 verbose audit error     error: '[NOT_IMPLEMENTED] /-/npm/v1/security/* not implemented yet'
1712 verbose audit error   },
1712 verbose audit error   pkgid: undefined
1712 verbose audit error }
1713 silly audit error [object Object]
1714 silly audit report null
1715 http cache word@https://registry.npmmirror.com/word/-/word-0.3.0.tgz 0ms (cache hit)
1716 http cache ssf@https://registry.npmmirror.com/ssf/-/ssf-0.11.2.tgz 0ms (cache hit)
1717 http cache frac@https://registry.npmmirror.com/frac/-/frac-1.1.2.tgz 0ms (cache hit)
1718 http cache wmf@https://registry.npmmirror.com/wmf/-/wmf-1.0.2.tgz 0ms (cache hit)
1719 http cache crc-32@https://registry.npmmirror.com/crc-32/-/crc-32-1.2.2.tgz 0ms (cache hit)
1720 http cache cfb@https://registry.npmmirror.com/cfb/-/cfb-1.2.2.tgz 0ms (cache hit)
1721 http cache @jridgewell/source-map@https://registry.npmmirror.com/@jridgewell/source-map/-/source-map-0.3.11.tgz 0ms (cache hit)
1722 http cache codepage@https://registry.npmmirror.com/codepage/-/codepage-1.15.0.tgz 0ms (cache hit)
1723 http cache isexe@https://registry.npmmirror.com/isexe/-/isexe-2.0.0.tgz 0ms (cache hit)
1724 http cache adler-32@https://registry.npmmirror.com/adler-32/-/adler-32-1.3.1.tgz 0ms (cache hit)
1725 http cache commander@https://registry.npmmirror.com/commander/-/commander-2.20.3.tgz 0ms (cache hit)
1726 http cache @types/node@https://registry.npmmirror.com/@types/node/-/node-26.6.3.tgz 0ms (cache hit)
1727 http cache source-map-support@https://registry.npmmirror.com/source-map-support/-/source-map-support-0.5.21.tgz 0ms (cache hit)
1728 http cache buffer-from@https://registry.npmmirror.com/buffer-from/-/buffer-from-1.1.2.tgz 0ms (cache hit)
1729 http cache undici-types@https://registry.npmmirror.com/undici-types/-/undici-types-8.9.0.tgz 0ms (cache hit)
1730 http cache supports-color@https://registry.npmmirror.com/supports-color/-/supports-color-8.1.1.tgz 0ms (cache hit)
1731 http cache has-flag@https://registry.npmmirror.com/has-flag/-/has-flag-4.0.0.tgz 0ms (cache hit)
1732 http cache terser@https://registry.npmmirror.com/terser/-/terser-5.51.2.tgz 0ms (cache hit)
1733 http cache json-schema-traverse@https://registry.npmmirror.com/json-schema-traverse/-/json-schema-traverse-1.0.0.tgz 0ms (cache hit)
1734 http cache require-from-string@https://registry.npmmirror.com/require-from-string/-/require-from-string-2.0.2.tgz 0ms (cache hit)
1735 http cache jest-worker@https://registry.npmmirror.com/jest-worker/-/jest-worker-27.5.1.tgz 0ms (cache hit)
1736 http cache fast-uri@https://registry.npmmirror.com/fast-uri/-/fast-uri-3.1.8.tgz 0ms (cache hit)
1737 http cache fast-deep-equal@https://registry.npmmirror.com/fast-deep-equal/-/fast-deep-equal-3.1.3.tgz 0ms (cache hit)
1738 http cache ajv-formats@https://registry.npmmirror.com/ajv-formats/-/ajv-formats-3.0.1.tgz 0ms (cache hit)
1739 http cache ajv-keywords@https://registry.npmmirror.com/ajv-keywords/-/ajv-keywords-5.1.0.tgz 0ms (cache hit)
1740 http cache @xtuc/ieee754@https://registry.npmmirror.com/@xtuc/ieee754/-/ieee754-1.2.0.tgz 0ms (cache hit)
1741 http cache ajv@https://registry.npmmirror.com/ajv/-/ajv-8.20.0.tgz 0ms (cache hit)
1742 http cache @webassemblyjs/utf8@https://registry.npmmirror.com/@webassemblyjs/utf8/-/utf8-1.13.2.tgz 0ms (cache hit)
1743 http cache estraverse@https://registry.npmmirror.com/estraverse/-/estraverse-4.3.0.tgz 0ms (cache hit)
1744 http cache esrecurse@https://registry.npmmirror.com/esrecurse/-/esrecurse-4.3.0.tgz 0ms (cache hit)
1745 http cache mime-db@https://registry.npmmirror.com/mime-db/-/mime-db-1.52.0.tgz 0ms (cache hit)
1746 http cache @webassemblyjs/leb128@https://registry.npmmirror.com/@webassemblyjs/leb128/-/leb128-1.13.2.tgz 0ms (cache hit)
1747 http cache @webassemblyjs/wast-printer@https://registry.npmmirror.com/@webassemblyjs/wast-printer/-/wast-printer-1.14.1.tgz 0ms (cache hit)
1748 http cache @xtuc/long@https://registry.npmmirror.com/@xtuc/long/-/long-4.2.2.tgz 0ms (cache hit)
1749 http cache @webassemblyjs/ieee754@https://registry.npmmirror.com/@webassemblyjs/ieee754/-/ieee754-1.13.2.tgz 0ms (cache hit)
1750 http cache @webassemblyjs/wasm-gen@https://registry.npmmirror.com/@webassemblyjs/wasm-gen/-/wasm-gen-1.14.1.tgz 0ms (cache hit)
1751 http cache @webassemblyjs/wasm-opt@https://registry.npmmirror.com/@webassemblyjs/wasm-opt/-/wasm-opt-1.14.1.tgz 0ms (cache hit)
1752 http cache @webassemblyjs/helper-wasm-section@https://registry.npmmirror.com/@webassemblyjs/helper-wasm-section/-/helper-wasm-section-1.14.1.tgz 0ms (cache hit)
1753 http cache @webassemblyjs/helper-buffer@https://registry.npmmirror.com/@webassemblyjs/helper-buffer/-/helper-buffer-1.14.1.tgz 0ms (cache hit)
1754 http cache @webassemblyjs/helper-api-error@https://registry.npmmirror.com/@webassemblyjs/helper-api-error/-/helper-api-error-1.13.2.tgz 0ms (cache hit)
1755 http cache @webassemblyjs/floating-point-hex-parser@https://registry.npmmirror.com/@webassemblyjs/floating-point-hex-parser/-/floating-point-hex-parser-1.13.2.tgz 0ms (cache hit)
1756 http cache @types/eslint@https://registry.npmmirror.com/@types/eslint/-/eslint-9.6.1.tgz 0ms (cache hit)
1757 http cache @webassemblyjs/helper-wasm-bytecode@https://registry.npmmirror.com/@webassemblyjs/helper-wasm-bytecode/-/helper-wasm-bytecode-1.13.2.tgz 0ms (cache hit)
1758 http cache @webassemblyjs/helper-numbers@https://registry.npmmirror.com/@webassemblyjs/helper-numbers/-/helper-numbers-1.13.2.tgz 0ms (cache hit)
1759 http cache webpack-sources@https://registry.npmmirror.com/webpack-sources/-/webpack-sources-3.6.0.tgz 0ms (cache hit)
1760 http cache watchpack@https://registry.npmmirror.com/watchpack/-/watchpack-2.5.2.tgz 0ms (cache hit)
1761 http cache terser-webpack-plugin@https://registry.npmmirror.com/terser-webpack-plugin/-/terser-webpack-plugin-5.6.1.tgz 0ms (cache hit)
1762 http cache tapable@https://registry.npmmirror.com/tapable/-/tapable-2.3.3.tgz 0ms (cache hit)
1763 http cache neo-async@https://registry.npmmirror.com/neo-async/-/neo-async-2.6.2.tgz 0ms (cache hit)
1764 http cache schema-utils@https://registry.npmmirror.com/schema-utils/-/schema-utils-4.5.0.tgz 0ms (cache hit)
1765 http cache loader-runner@https://registry.npmmirror.com/loader-runner/-/loader-runner-4.3.2.tgz 0ms (cache hit)
1766 http cache mime-types@https://registry.npmmirror.com/mime-types/-/mime-types-2.1.35.tgz 0ms (cache hit)
1767 http cache graceful-fs@https://registry.npmmirror.com/graceful-fs/-/graceful-fs-4.2.11.tgz 0ms (cache hit)
1768 http cache glob-to-regexp@https://registry.npmmirror.com/glob-to-regexp/-/glob-to-regexp-0.4.1.tgz 0ms (cache hit)
1769 http cache eslint-scope@https://registry.npmmirror.com/eslint-scope/-/eslint-scope-5.1.1.tgz 0ms (cache hit)
1770 http cache events@https://registry.npmmirror.com/events/-/events-3.3.0.tgz 0ms (cache hit)
1771 http cache es-module-lexer@https://registry.npmmirror.com/es-module-lexer/-/es-module-lexer-2.3.2.tgz 0ms (cache hit)
1772 http cache enhanced-resolve@https://registry.npmmirror.com/enhanced-resolve/-/enhanced-resolve-5.25.1.tgz 0ms (cache hit)
1773 http cache acorn-import-phases@https://registry.npmmirror.com/acorn-import-phases/-/acorn-import-phases-1.0.4.tgz 0ms (cache hit)
1774 http cache chrome-trace-event@https://registry.npmmirror.com/chrome-trace-event/-/chrome-trace-event-1.0.4.tgz 0ms (cache hit)
1775 http cache acorn@https://registry.npmmirror.com/acorn/-/acorn-8.18.0.tgz 0ms (cache hit)
1776 http cache @webassemblyjs/wasm-parser@https://registry.npmmirror.com/@webassemblyjs/wasm-parser/-/wasm-parser-1.14.1.tgz 0ms (cache hit)
1777 http cache @types/json-schema@https://registry.npmmirror.com/@types/json-schema/-/json-schema-7.0.15.tgz 0ms (cache hit)
1778 http cache @webassemblyjs/ast@https://registry.npmmirror.com/@webassemblyjs/ast/-/ast-1.14.1.tgz 0ms (cache hit)
1779 http cache @webassemblyjs/wasm-edit@https://registry.npmmirror.com/@webassemblyjs/wasm-edit/-/wasm-edit-1.14.1.tgz 0ms (cache hit)
1780 http cache @types/eslint-scope@https://registry.npmmirror.com/@types/eslint-scope/-/eslint-scope-3.7.7.tgz 0ms (cache hit)
1781 http cache escalade@https://registry.npmmirror.com/escalade/-/escalade-3.2.0.tgz 0ms (cache hit)
1782 http cache @types/estree@https://registry.npmmirror.com/@types/estree/-/estree-1.0.9.tgz 0ms (cache hit)
1783 http cache lower-case@https://registry.npmmirror.com/lower-case/-/lower-case-2.0.2.tgz 0ms (cache hit)
1784 http cache dot-case@https://registry.npmmirror.com/dot-case/-/dot-case-3.0.4.tgz 0ms (cache hit)
1785 http cache shebang-regex@https://registry.npmmirror.com/shebang-regex/-/shebang-regex-3.0.0.tgz 0ms (cache hit)
1786 http cache no-case@https://registry.npmmirror.com/no-case/-/no-case-3.0.4.tgz 0ms (cache hit)
1787 http cache tiny-invariant@https://registry.npmmirror.com/tiny-invariant/-/tiny-invariant-1.3.3.tgz 0ms (cache hit)
1788 http cache esprima@https://registry.npmmirror.com/esprima/-/esprima-4.0.1.tgz 0ms (cache hit)
1789 http cache sisteransi@https://registry.npmmirror.com/sisteransi/-/sisteransi-1.0.5.tgz 0ms (cache hit)
1790 http cache kleur@https://registry.npmmirror.com/kleur/-/kleur-3.0.3.tgz 0ms (cache hit)
1791 http cache scheduler@https://registry.npmmirror.com/scheduler/-/scheduler-0.28.0.tgz 0ms (cache hit)
1792 http cache source-map-js@https://registry.npmmirror.com/source-map-js/-/source-map-js-1.2.1.tgz 0ms (cache hit)
1793 http cache util-deprecate@https://registry.npmmirror.com/util-deprecate/-/util-deprecate-1.0.2.tgz 0ms (cache hit)
1794 http cache cssesc@https://registry.npmmirror.com/cssesc/-/cssesc-3.0.0.tgz 0ms (cache hit)
1795 http cache postcss-selector-parser@https://registry.npmmirror.com/postcss-selector-parser/-/postcss-selector-parser-7.1.6.tgz 0ms (cache hit)
1796 http cache nanoid@https://registry.npmmirror.com/nanoid/-/nanoid-3.3.19.tgz 0ms (cache hit)
1797 http cache lines-and-columns@https://registry.npmmirror.com/lines-and-columns/-/lines-and-columns-1.2.4.tgz 0ms (cache hit)
1798 http cache is-arrayish@https://registry.npmmirror.com/is-arrayish/-/is-arrayish-0.2.1.tgz 0ms (cache hit)
1799 http cache json-parse-even-better-errors@https://registry.npmmirror.com/json-parse-even-better-errors/-/json-parse-even-better-errors-2.3.1.tgz 0ms (cache hit)
1800 http cache is-wsl@https://registry.npmmirror.com/is-wsl/-/is-wsl-2.2.0.tgz 0ms (cache hit)
1801 http cache error-ex@https://registry.npmmirror.com/error-ex/-/error-ex-1.3.4.tgz 0ms (cache hit)
1802 http cache callsites@https://registry.npmmirror.com/callsites/-/callsites-3.1.0.tgz 0ms (cache hit)
1803 http cache define-lazy-prop@https://registry.npmmirror.com/define-lazy-prop/-/define-lazy-prop-2.0.0.tgz 0ms (cache hit)
1804 http cache @types/dom-webcodecs@https://registry.npmmirror.com/@types/dom-webcodecs/-/dom-webcodecs-0.1.13.tgz 0ms (cache hit)
1805 http cache @types/dom-mediacapture-transform@https://registry.npmmirror.com/@types/dom-mediacapture-transform/-/dom-mediacapture-transform-0.1.12.tgz 0ms (cache hit)
1806 http cache fs-monkey@https://registry.npmmirror.com/fs-monkey/-/fs-monkey-1.0.3.tgz 0ms (cache hit)
1807 http cache is-docker@https://registry.npmmirror.com/is-docker/-/is-docker-2.2.1.tgz 0ms (cache hit)
1808 http cache yallist@https://registry.npmmirror.com/yallist/-/yallist-3.1.1.tgz 0ms (cache hit)
1809 http cache mimic-fn@https://registry.npmmirror.com/mimic-fn/-/mimic-fn-2.1.0.tgz 0ms (cache hit)
1810 http cache argparse@https://registry.npmmirror.com/argparse/-/argparse-2.0.1.tgz 0ms (cache hit)
1811 http cache resolve-from@https://registry.npmmirror.com/resolve-from/-/resolve-from-4.0.0.tgz 0ms (cache hit)
1812 http cache parent-module@https://registry.npmmirror.com/parent-module/-/parent-module-1.0.1.tgz 0ms (cache hit)
1813 http cache which@https://registry.npmmirror.com/which/-/which-2.0.2.tgz 0ms (cache hit)
1814 http cache shebang-command@https://registry.npmmirror.com/shebang-command/-/shebang-command-2.0.0.tgz 0ms (cache hit)
1815 http cache path-key@https://registry.npmmirror.com/path-key/-/path-key-3.1.1.tgz 0ms (cache hit)
1816 http cache strip-final-newline@https://registry.npmmirror.com/strip-final-newline/-/strip-final-newline-2.0.0.tgz 0ms (cache hit)
1817 http cache signal-exit@https://registry.npmmirror.com/signal-exit/-/signal-exit-3.0.7.tgz 0ms (cache hit)
1818 http cache npm-run-path@https://registry.npmmirror.com/npm-run-path/-/npm-run-path-4.0.1.tgz 0ms (cache hit)
1819 http cache onetime@https://registry.npmmirror.com/onetime/-/onetime-5.1.2.tgz 0ms (cache hit)
1820 http cache merge-stream@https://registry.npmmirror.com/merge-stream/-/merge-stream-2.0.0.tgz 0ms (cache hit)
1821 http cache is-stream@https://registry.npmmirror.com/is-stream/-/is-stream-2.0.1.tgz 0ms (cache hit)
1822 http cache @esbuild/win32-x64@https://registry.npmmirror.com/@esbuild/win32-x64/-/win32-x64-0.28.1.tgz 0ms (cache hit)
1823 http cache human-signals@https://registry.npmmirror.com/human-signals/-/human-signals-2.1.0.tgz 0ms (cache hit)
1824 http cache get-stream@https://registry.npmmirror.com/get-stream/-/get-stream-6.0.1.tgz 0ms (cache hit)
1825 http cache cross-spawn@https://registry.npmmirror.com/cross-spawn/-/cross-spawn-7.0.6.tgz 0ms (cache hit)
1826 http cache stackframe@https://registry.npmmirror.com/stackframe/-/stackframe-1.3.4.tgz 0ms (cache hit)
1827 http cache ms@https://registry.npmmirror.com/ms/-/ms-2.1.3.tgz 0ms (cache hit)
1828 http cache d3-array@https://registry.npmmirror.com/d3-array/-/d3-array-3.2.4.tgz 0ms (cache hit)
1829 http cache internmap@https://registry.npmmirror.com/internmap/-/internmap-2.0.3.tgz 0ms (cache hit)
1830 http cache postcss-value-parser@https://registry.npmmirror.com/postcss-value-parser/-/postcss-value-parser-4.2.0.tgz 0ms (cache hit)
1831 http cache postcss-modules-values@https://registry.npmmirror.com/postcss-modules-values/-/postcss-modules-values-4.0.0.tgz 0ms (cache hit)
1832 http cache postcss-modules-local-by-default@https://registry.npmmirror.com/postcss-modules-local-by-default/-/postcss-modules-local-by-default-4.2.0.tgz 0ms (cache hit)
1833 http cache postcss-modules-scope@https://registry.npmmirror.com/postcss-modules-scope/-/postcss-modules-scope-3.2.1.tgz 0ms (cache hit)
1834 http cache postcss-modules-extract-imports@https://registry.npmmirror.com/postcss-modules-extract-imports/-/postcss-modules-extract-imports-3.1.0.tgz 0ms (cache hit)
1835 http cache icss-utils@https://registry.npmmirror.com/icss-utils/-/icss-utils-5.1.0.tgz 0ms (cache hit)
1836 http cache postcss@https://registry.npmmirror.com/postcss/-/postcss-8.5.28.tgz 0ms (cache hit)
1837 http cache path-type@https://registry.npmmirror.com/path-type/-/path-type-4.0.0.tgz 0ms (cache hit)
1838 http cache parse-json@https://registry.npmmirror.com/parse-json/-/parse-json-5.2.0.tgz 0ms (cache hit)
1839 http cache js-yaml@https://registry.npmmirror.com/js-yaml/-/js-yaml-4.3.2.tgz 0ms (cache hit)
1840 http cache update-browserslist-db@https://registry.npmmirror.com/update-browserslist-db/-/update-browserslist-db-1.3.3.tgz 0ms (cache hit)
1841 http cache node-releases@https://registry.npmmirror.com/node-releases/-/node-releases-2.0.57.tgz 0ms (cache hit)
1842 http cache import-fresh@https://registry.npmmirror.com/import-fresh/-/import-fresh-3.3.1.tgz 0ms (cache hit)
1843 http cache caniuse-lite@https://registry.npmmirror.com/caniuse-lite/-/caniuse-lite-1.0.30001813.tgz 0ms (cache hit)
1844 http cache electron-to-chromium@https://registry.npmmirror.com/electron-to-chromium/-/electron-to-chromium-1.5.440.tgz 0ms (cache hit)
1845 http cache @tanstack/virtual-core@https://registry.npmmirror.com/@tanstack/virtual-core/-/virtual-core-3.17.7.tgz 0ms (cache hit)
1846 http cache baseline-browser-mapping@https://registry.npmmirror.com/baseline-browser-mapping/-/baseline-browser-mapping-2.11.26.tgz 0ms (cache hit)
1847 http cache csstype@https://registry.npmmirror.com/csstype/-/csstype-3.2.3.tgz 0ms (cache hit)
1848 http cache @types/geojson@https://registry.npmmirror.com/@types/geojson/-/geojson-7946.0.16.tgz 0ms (cache hit)
1849 http cache @turf/meta@https://registry.npmmirror.com/@turf/meta/-/meta-7.4.0.tgz 0ms (cache hit)
1850 http cache @svgr/babel-plugin-transform-svg-component@https://registry.npmmirror.com/@svgr/babel-plugin-transform-svg-component/-/babel-plugin-transform-svg-component-8.0.0.tgz 0ms (cache hit)
1851 http cache svg-parser@https://registry.npmmirror.com/svg-parser/-/svg-parser-2.1.0.tgz 0ms (cache hit)
1852 http cache entities@https://registry.npmmirror.com/entities/-/entities-4.5.0.tgz 0ms (cache hit)
1853 http cache @svgr/hast-util-to-babel-ast@https://registry.npmmirror.com/@svgr/hast-util-to-babel-ast/-/hast-util-to-babel-ast-8.0.0.tgz 0ms (cache hit)
1854 http cache @svgr/babel-plugin-transform-react-native-svg@https://registry.npmmirror.com/@svgr/babel-plugin-transform-react-native-svg/-/babel-plugin-transform-react-native-svg-8.1.0.tgz 0ms (cache hit)
1855 http cache @svgr/babel-plugin-svg-em-dimensions@https://registry.npmmirror.com/@svgr/babel-plugin-svg-em-dimensions/-/babel-plugin-svg-em-dimensions-8.0.0.tgz 0ms (cache hit)
1856 http cache @svgr/babel-plugin-svg-dynamic-title@https://registry.npmmirror.com/@svgr/babel-plugin-svg-dynamic-title/-/babel-plugin-svg-dynamic-title-8.0.0.tgz 0ms (cache hit)
1857 http cache @svgr/babel-plugin-replace-jsx-attribute-value@https://registry.npmmirror.com/@svgr/babel-plugin-replace-jsx-attribute-value/-/babel-plugin-replace-jsx-attribute-value-8.0.0.tgz 0ms (cache hit)
1858 http cache @babel/helper-globals@https://registry.npmmirror.com/@babel/helper-globals/-/helper-globals-7.29.7.tgz 0ms (cache hit)
1859 http cache @svgr/babel-plugin-remove-jsx-attribute@https://registry.npmmirror.com/@svgr/babel-plugin-remove-jsx-attribute/-/babel-plugin-remove-jsx-attribute-8.0.0.tgz 0ms (cache hit)
1860 http cache @svgr/babel-plugin-remove-jsx-empty-expression@https://registry.npmmirror.com/@svgr/babel-plugin-remove-jsx-empty-expression/-/babel-plugin-remove-jsx-empty-expression-8.0.0.tgz 0ms (cache hit)
1861 http cache @svgr/babel-plugin-add-jsx-attribute@https://registry.npmmirror.com/@svgr/babel-plugin-add-jsx-attribute/-/babel-plugin-add-jsx-attribute-8.0.0.tgz 0ms (cache hit)
1862 http cache lru-cache@https://registry.npmmirror.com/lru-cache/-/lru-cache-5.1.1.tgz 0ms (cache hit)
1863 http cache @babel/helper-module-imports@https://registry.npmmirror.com/@babel/helper-module-imports/-/helper-module-imports-7.29.7.tgz 0ms (cache hit)
1864 http cache @babel/compat-data@https://registry.npmmirror.com/@babel/compat-data/-/compat-data-7.29.7.tgz 0ms (cache hit)
1865 http cache jsesc@https://registry.npmmirror.com/jsesc/-/jsesc-3.1.0.tgz 0ms (cache hit)
1866 http cache browserslist@https://registry.npmmirror.com/browserslist/-/browserslist-4.29.2.tgz 0ms (cache hit)
1867 http cache @babel/helper-validator-option@https://registry.npmmirror.com/@babel/helper-validator-option/-/helper-validator-option-7.29.7.tgz 0ms (cache hit)
1868 http cache @jridgewell/gen-mapping@https://registry.npmmirror.com/@jridgewell/gen-mapping/-/gen-mapping-0.3.13.tgz 0ms (cache hit)
1869 http cache picocolors@https://registry.npmmirror.com/picocolors/-/picocolors-1.1.1.tgz 0ms (cache hit)
1870 http cache js-tokens@https://registry.npmmirror.com/js-tokens/-/js-tokens-4.0.0.tgz 0ms (cache hit)
1871 http cache json5@https://registry.npmmirror.com/json5/-/json5-2.2.3.tgz 0ms (cache hit)
1872 http cache @jridgewell/remapping@https://registry.npmmirror.com/@jridgewell/remapping/-/remapping-2.3.5.tgz 0ms (cache hit)
1873 http cache gensync@https://registry.npmmirror.com/gensync/-/gensync-1.0.0-beta.2.tgz 0ms (cache hit)
1874 http cache @babel/traverse@https://registry.npmmirror.com/@babel/traverse/-/traverse-7.29.8.tgz 0ms (cache hit)
1875 http cache debug@https://registry.npmmirror.com/debug/-/debug-4.4.3.tgz 0ms (cache hit)
1876 http cache convert-source-map@https://registry.npmmirror.com/convert-source-map/-/convert-source-map-2.0.0.tgz 0ms (cache hit)
1877 http cache @babel/helpers@https://registry.npmmirror.com/@babel/helpers/-/helpers-7.29.7.tgz 0ms (cache hit)
1878 http cache cosmiconfig@https://registry.npmmirror.com/cosmiconfig/-/cosmiconfig-8.3.6.tgz 0ms (cache hit)
1879 http cache @babel/template@https://registry.npmmirror.com/@babel/template/-/template-7.29.7.tgz 0ms (cache hit)
1880 http cache @babel/helper-compilation-targets@https://registry.npmmirror.com/@babel/helper-compilation-targets/-/helper-compilation-targets-7.29.7.tgz 0ms (cache hit)
1881 http cache @babel/helper-module-transforms@https://registry.npmmirror.com/@babel/helper-module-transforms/-/helper-module-transforms-7.29.7.tgz 0ms (cache hit)
1882 http cache @babel/generator@https://registry.npmmirror.com/@babel/generator/-/generator-7.29.8.tgz 0ms (cache hit)
1883 http cache snake-case@https://registry.npmmirror.com/snake-case/-/snake-case-3.0.4.tgz 0ms (cache hit)
1884 http cache camelcase@https://registry.npmmirror.com/camelcase/-/camelcase-6.3.0.tgz 0ms (cache hit)
1885 http cache @babel/code-frame@https://registry.npmmirror.com/@babel/code-frame/-/code-frame-7.29.7.tgz 0ms (cache hit)
1886 http cache @svgr/babel-preset@https://registry.npmmirror.com/@svgr/babel-preset/-/babel-preset-8.1.0.tgz 0ms (cache hit)
1887 http cache html-entities@https://registry.npmmirror.com/html-entities/-/html-entities-2.6.0.tgz 0ms (cache hit)
1888 http cache @babel/core@https://registry.npmmirror.com/@babel/core/-/core-7.29.7.tgz 0ms (cache hit)
1889 http cache @rspack/binding-win32-x64-msvc@https://registry.npmmirror.com/@rspack/binding-win32-x64-msvc/-/binding-win32-x64-msvc-1.7.11.tgz 0ms (cache hit)
1890 http cache error-stack-parser@https://registry.npmmirror.com/error-stack-parser/-/error-stack-parser-2.1.4.tgz 0ms (cache hit)
1891 http cache tslib@https://registry.npmmirror.com/tslib/-/tslib-2.8.1.tgz 0ms (cache hit)
1892 http cache @module-federation/sdk@https://registry.npmmirror.com/@module-federation/sdk/-/sdk-0.22.0.tgz 0ms (cache hit)
1893 http cache @module-federation/runtime-core@https://registry.npmmirror.com/@module-federation/runtime-core/-/runtime-core-0.22.0.tgz 0ms (cache hit)
1894 http cache @module-federation/error-codes@https://registry.npmmirror.com/@module-federation/error-codes/-/error-codes-0.22.0.tgz 0ms (cache hit)
1895 http cache @rspack/binding@https://registry.npmmirror.com/@rspack/binding/-/binding-1.7.11.tgz 0ms (cache hit)
1896 http cache @module-federation/webpack-bundler-runtime@https://registry.npmmirror.com/@module-federation/webpack-bundler-runtime/-/webpack-bundler-runtime-0.22.0.tgz 0ms (cache hit)
1897 http cache @module-federation/runtime@https://registry.npmmirror.com/@module-federation/runtime/-/runtime-0.22.0.tgz 0ms (cache hit)
1898 http cache @mediabunny/mp3-encoder@https://registry.npmmirror.com/@mediabunny/mp3-encoder/-/mp3-encoder-1.56.1.tgz 0ms (cache hit)
1899 http cache @module-federation/runtime-tools@https://registry.npmmirror.com/@module-federation/runtime-tools/-/runtime-tools-0.22.0.tgz 0ms (cache hit)
1900 http cache @rspack/lite-tapable@https://registry.npmmirror.com/@rspack/lite-tapable/-/lite-tapable-1.1.0.tgz 0ms (cache hit)
1901 http cache @mediabunny/flac-encoder@https://registry.npmmirror.com/@mediabunny/flac-encoder/-/flac-encoder-1.56.1.tgz 0ms (cache hit)
1902 http cache @svgr/plugin-jsx@https://registry.npmmirror.com/@svgr/plugin-jsx/-/plugin-jsx-8.1.0.tgz 0ms (cache hit)
1903 http cache @mediabunny/aac-encoder@https://registry.npmmirror.com/@mediabunny/aac-encoder/-/aac-encoder-1.56.1.tgz 0ms (cache hit)
1904 http cache kiwi-schema@https://registry.npmmirror.com/kiwi-schema/-/kiwi-schema-0.5.0.tgz 0ms (cache hit)
1905 http cache to-fast-properties@https://registry.npmmirror.com/to-fast-properties/-/to-fast-properties-2.0.0.tgz 0ms (cache hit)
1906 http cache @svgr/core@https://registry.npmmirror.com/@svgr/core/-/core-8.1.0.tgz 0ms (cache hit)
1907 http cache @babel/helper-validator-identifier@https://registry.npmmirror.com/@babel/helper-validator-identifier/-/helper-validator-identifier-7.29.7.tgz 0ms (cache hit)
1908 http cache @jridgewell/sourcemap-codec@https://registry.npmmirror.com/@jridgewell/sourcemap-codec/-/sourcemap-codec-1.6.0.tgz 0ms (cache hit)
1909 http cache ast-types@https://registry.npmmirror.com/ast-types/-/ast-types-0.16.1.tgz 0ms (cache hit)
1910 http cache @babel/helper-string-parser@https://registry.npmmirror.com/@babel/helper-string-parser/-/helper-string-parser-7.29.7.tgz 0ms (cache hit)
1911 http cache @jridgewell/resolve-uri@https://registry.npmmirror.com/@jridgewell/resolve-uri/-/resolve-uri-3.1.2.tgz 1ms (cache hit)
1912 http cache @babel/types@https://registry.npmmirror.com/@babel/types/-/types-7.24.0.tgz 0ms (cache hit)
1913 http cache @tanstack/react-virtual@https://registry.npmmirror.com/@tanstack/react-virtual/-/react-virtual-3.14.9.tgz 0ms (cache hit)
1914 http cache recast@https://registry.npmmirror.com/recast/-/recast-0.23.21.tgz 0ms (cache hit)
1915 http cache prismjs@https://registry.npmmirror.com/prismjs/-/prismjs-1.30.0.tgz 0ms (cache hit)
1916 http cache memfs@https://registry.npmmirror.com/memfs/-/memfs-3.4.3.tgz 0ms (cache hit)
1917 http cache @remotion/web-renderer@https://registry.npmmirror.com/@remotion/web-renderer/-/web-renderer-4.0.529.tgz 0ms (cache hit)
1918 http cache open@https://registry.npmmirror.com/open/-/open-8.4.2.tgz 0ms (cache hit)
1919 http cache @remotion/studio-protocol@https://registry.npmmirror.com/@remotion/studio-protocol/-/studio-protocol-4.0.529.tgz 0ms (cache hit)
1920 http cache @remotion/zod-types@https://registry.npmmirror.com/@remotion/zod-types/-/zod-types-4.0.529.tgz 0ms (cache hit)
1921 http cache @remotion/paths@https://registry.npmmirror.com/@remotion/paths/-/paths-4.0.529.tgz 0ms (cache hit)
1922 http cache @remotion/media@https://registry.npmmirror.com/@remotion/media/-/media-4.0.529.tgz 0ms (cache hit)
1923 http cache @remotion/codemods@https://registry.npmmirror.com/@remotion/codemods/-/codemods-4.0.529.tgz 0ms (cache hit)
1924 http cache @jridgewell/trace-mapping@https://registry.npmmirror.com/@jridgewell/trace-mapping/-/trace-mapping-0.3.31.tgz 0ms (cache hit)
1925 http cache @remotion/captions@https://registry.npmmirror.com/@remotion/captions/-/captions-4.0.529.tgz 0ms (cache hit)
1926 http cache @remotion/canvas@https://registry.npmmirror.com/@remotion/canvas/-/canvas-4.0.529.tgz 0ms (cache hit)
1927 http cache ws@https://registry.npmmirror.com/ws/-/ws-8.21.0.tgz 0ms (cache hit)
1928 http cache @remotion/streaming@https://registry.npmmirror.com/@remotion/streaming/-/streaming-4.0.529.tgz 0ms (cache hit)
1929 http cache @remotion/compositor-win32-x64-msvc@https://registry.npmmirror.com/@remotion/compositor-win32-x64-msvc/-/compositor-win32-x64-msvc-4.0.529.tgz 0ms (cache hit)
1930 http cache execa@https://registry.npmmirror.com/execa/-/execa-5.1.1.tgz 0ms (cache hit)
1931 http cache @remotion/licensing@https://registry.npmmirror.com/@remotion/licensing/-/licensing-4.0.529.tgz 0ms (cache hit)
1932 http cache source-map@https://registry.npmmirror.com/source-map/-/source-map-0.8.0.tgz 0ms (cache hit)
1933 http cache mediabunny@https://registry.npmmirror.com/mediabunny/-/mediabunny-1.56.1.tgz 0ms (cache hit)
1934 http cache webpack@https://registry.npmmirror.com/webpack/-/webpack-5.105.0.tgz 0ms (cache hit)
1935 http cache @rspack/plugin-react-refresh@https://registry.npmmirror.com/@rspack/plugin-react-refresh/-/plugin-react-refresh-1.6.1.tgz 0ms (cache hit)
1936 http cache css-loader@https://registry.npmmirror.com/css-loader/-/css-loader-7.1.4.tgz 0ms (cache hit)
1937 http cache style-loader@https://registry.npmmirror.com/style-loader/-/style-loader-4.0.0.tgz 0ms (cache hit)
1938 http cache esbuild@https://registry.npmmirror.com/esbuild/-/esbuild-0.28.1.tgz 0ms (cache hit)
1939 http cache @rspack/core@https://registry.npmmirror.com/@rspack/core/-/core-1.7.11.tgz 0ms (cache hit)
1940 http cache @remotion/timeline-utils@https://registry.npmmirror.com/@remotion/timeline-utils/-/timeline-utils-4.0.529.tgz 0ms (cache hit)
1941 http cache react-refresh@https://registry.npmmirror.com/react-refresh/-/react-refresh-0.18.0.tgz 0ms (cache hit)
1942 http cache semver@https://registry.npmmirror.com/semver/-/semver-7.5.3.tgz 0ms (cache hit)
1943 http cache @remotion/media-parser@https://registry.npmmirror.com/@remotion/media-parser/-/media-parser-4.0.529.tgz 0ms (cache hit)
1944 http cache @remotion/studio-shared@https://registry.npmmirror.com/@remotion/studio-shared/-/studio-shared-4.0.529.tgz 0ms (cache hit)
1945 http cache prompts@https://registry.npmmirror.com/prompts/-/prompts-2.4.2.tgz 0ms (cache hit)
1946 http cache minimist@https://registry.npmmirror.com/minimist/-/minimist-1.2.6.tgz 0ms (cache hit)
1947 http cache dotenv@https://registry.npmmirror.com/dotenv/-/dotenv-17.3.1.tgz 0ms (cache hit)
1948 http cache @remotion/studio-server@https://registry.npmmirror.com/@remotion/studio-server/-/studio-server-4.0.529.tgz 0ms (cache hit)
1949 http cache @remotion/studio@https://registry.npmmirror.com/@remotion/studio/-/studio-4.0.529.tgz 0ms (cache hit)
1950 http cache @remotion/player@https://registry.npmmirror.com/@remotion/player/-/player-4.0.529.tgz 0ms (cache hit)
1951 http cache @remotion/media-utils@https://registry.npmmirror.com/@remotion/media-utils/-/media-utils-4.0.529.tgz 0ms (cache hit)
1952 http cache @remotion/renderer@https://registry.npmmirror.com/@remotion/renderer/-/renderer-4.0.529.tgz 0ms (cache hit)
1953 http cache @remotion/bundler@https://registry.npmmirror.com/@remotion/bundler/-/bundler-4.0.529.tgz 0ms (cache hit)
1954 http cache @babel/parser@https://registry.npmmirror.com/@babel/parser/-/parser-7.24.1.tgz 0ms (cache hit)
1955 http cache zod@https://registry.npmmirror.com/zod/-/zod-4.6.5.tgz 0ms (cache hit)
1956 http cache xlsx@https://registry.npmmirror.com/xlsx/-/xlsx-0.18.5.tgz 0ms (cache hit)
1957 http cache tsx@https://registry.npmmirror.com/tsx/-/tsx-4.23.15.tgz 0ms (cache hit)
1958 http cache typescript@https://registry.npmmirror.com/typescript/-/typescript-5.9.3.tgz 0ms (cache hit)
1959 http cache d3-geo@https://registry.npmmirror.com/d3-geo/-/d3-geo-3.1.1.tgz 0ms (cache hit)
1960 http cache remotion@https://registry.npmmirror.com/remotion/-/remotion-4.0.529.tgz 0ms (cache hit)
1961 http cache @types/react-dom@https://registry.npmmirror.com/@types/react-dom/-/react-dom-19.3.0.tgz 0ms (cache hit)
1962 http cache @turf/helpers@https://registry.npmmirror.com/@turf/helpers/-/helpers-7.4.0.tgz 0ms (cache hit)
1963 http cache @turf/centroid@https://registry.npmmirror.com/@turf/centroid/-/centroid-7.4.0.tgz 0ms (cache hit)
1964 http cache @types/d3-geo@https://registry.npmmirror.com/@types/d3-geo/-/d3-geo-3.1.1.tgz 0ms (cache hit)
1965 http cache @remotion/cli@https://registry.npmmirror.com/@remotion/cli/-/cli-4.0.529.tgz 0ms (cache hit)
1966 http cache @types/react@https://registry.npmmirror.com/@types/react/-/react-19.3.0.tgz 0ms (cache hit)
1967 http cache react-dom@https://registry.npmmirror.com/react-dom/-/react-dom-19.3.0.tgz 0ms (cache hit)
1968 http cache react@https://registry.npmmirror.com/react/-/react-19.3.0.tgz 0ms (cache hit)
1969 http cache source-map@https://registry.npmmirror.com/source-map/-/source-map-0.6.1.tgz 0ms (cache hit)
1970 http cache estraverse@https://registry.npmmirror.com/estraverse/-/estraverse-5.3.0.tgz 0ms (cache hit)
1971 http cache @babel/types@https://registry.npmmirror.com/@babel/types/-/types-7.29.8.tgz 0ms (cache hit)
1972 http cache @babel/types@https://registry.npmmirror.com/@babel/types/-/types-7.29.8.tgz 0ms (cache hit)
1973 http cache @babel/types@https://registry.npmmirror.com/@babel/types/-/types-7.29.8.tgz 0ms (cache hit)
1974 http cache @babel/parser@https://registry.npmmirror.com/@babel/parser/-/parser-7.29.9.tgz 0ms (cache hit)
1975 http cache @babel/parser@https://registry.npmmirror.com/@babel/parser/-/parser-7.29.9.tgz 0ms (cache hit)
1976 http cache @babel/types@https://registry.npmmirror.com/@babel/types/-/types-7.29.8.tgz 0ms (cache hit)
1977 http cache semver@https://registry.npmmirror.com/semver/-/semver-6.3.1.tgz 0ms (cache hit)
1978 http cache @babel/parser@https://registry.npmmirror.com/@babel/parser/-/parser-7.29.9.tgz 0ms (cache hit)
1979 http cache @babel/types@https://registry.npmmirror.com/@babel/types/-/types-7.29.8.tgz 0ms (cache hit)
1980 http cache source-map@https://registry.npmmirror.com/source-map/-/source-map-0.6.1.tgz 0ms (cache hit)
1981 http cache zod@https://registry.npmmirror.com/zod/-/zod-4.5.4.tgz 0ms (cache hit)
1982 http cache semver@https://registry.npmmirror.com/semver/-/semver-6.3.1.tgz 0ms (cache hit)
1983 http cache semver@https://registry.npmmirror.com/semver/-/semver-7.8.5.tgz 0ms (cache hit)
1984 http cache @babel/types@https://registry.npmmirror.com/@babel/types/-/types-7.29.8.tgz 0ms (cache hit)
1985 http cache yallist@https://registry.npmmirror.com/yallist/-/yallist-4.0.0.tgz 0ms (cache hit)
1986 http cache @babel/parser@https://registry.npmmirror.com/@babel/parser/-/parser-7.29.9.tgz 0ms (cache hit)
1987 silly tarball no local data for word@https://registry.npmmirror.com/word/-/word-0.3.0.tgz. Extracting by manifest.
1988 http cache lru-cache@https://registry.npmmirror.com/lru-cache/-/lru-cache-6.0.0.tgz 0ms (cache hit)
1989 http cache zod@https://registry.npmmirror.com/zod/-/zod-4.5.4.tgz 0ms (cache hit)
1990 http cache zod@https://registry.npmmirror.com/zod/-/zod-4.5.4.tgz 0ms (cache hit)
1991 silly tarball no local data for frac@https://registry.npmmirror.com/frac/-/frac-1.1.2.tgz. Extracting by manifest.
1992 silly tarball no local data for ssf@https://registry.npmmirror.com/ssf/-/ssf-0.11.2.tgz. Extracting by manifest.
1993 http cache zod@https://registry.npmmirror.com/zod/-/zod-4.5.4.tgz 0ms (cache hit)
1994 silly tarball no local data for @jridgewell/source-map@https://registry.npmmirror.com/@jridgewell/source-map/-/source-map-0.3.11.tgz. Extracting by manifest.
1995 silly tarball no local data for wmf@https://registry.npmmirror.com/wmf/-/wmf-1.0.2.tgz. Extracting by manifest.
1996 silly tarball no local data for codepage@https://registry.npmmirror.com/codepage/-/codepage-1.15.0.tgz. Extracting by manifest.
1997 silly tarball no local data for crc-32@https://registry.npmmirror.com/crc-32/-/crc-32-1.2.2.tgz. Extracting by manifest.
1998 silly tarball no local data for cfb@https://registry.npmmirror.com/cfb/-/cfb-1.2.2.tgz. Extracting by manifest.
1999 silly tarball no local data for commander@https://registry.npmmirror.com/commander/-/commander-2.20.3.tgz. Extracting by manifest.
2000 silly tarball no local data for isexe@https://registry.npmmirror.com/isexe/-/isexe-2.0.0.tgz. Extracting by manifest.
2001 silly tarball no local data for adler-32@https://registry.npmmirror.com/adler-32/-/adler-32-1.3.1.tgz. Extracting by manifest.
2002 silly tarball no local data for @types/node@https://registry.npmmirror.com/@types/node/-/node-26.6.3.tgz. Extracting by manifest.
2003 silly tarball no local data for source-map-support@https://registry.npmmirror.com/source-map-support/-/source-map-support-0.5.21.tgz. Extracting by manifest.
2004 silly tarball no local data for buffer-from@https://registry.npmmirror.com/buffer-from/-/buffer-from-1.1.2.tgz. Extracting by manifest.
2005 silly tarball no local data for undici-types@https://registry.npmmirror.com/undici-types/-/undici-types-8.9.0.tgz. Extracting by manifest.
2006 silly tarball no local data for supports-color@https://registry.npmmirror.com/supports-color/-/supports-color-8.1.1.tgz. Extracting by manifest.
2007 silly tarball no local data for has-flag@https://registry.npmmirror.com/has-flag/-/has-flag-4.0.0.tgz. Extracting by manifest.
2008 silly tarball no local data for terser@https://registry.npmmirror.com/terser/-/terser-5.51.2.tgz. Extracting by manifest.
2009 silly tarball no local data for require-from-string@https://registry.npmmirror.com/require-from-string/-/require-from-string-2.0.2.tgz. Extracting by manifest.
2010 silly tarball no local data for json-schema-traverse@https://registry.npmmirror.com/json-schema-traverse/-/json-schema-traverse-1.0.0.tgz. Extracting by manifest.
2011 silly tarball no local data for jest-worker@https://registry.npmmirror.com/jest-worker/-/jest-worker-27.5.1.tgz. Extracting by manifest.
2012 silly tarball no local data for fast-uri@https://registry.npmmirror.com/fast-uri/-/fast-uri-3.1.8.tgz. Extracting by manifest.
2013 silly tarball no local data for fast-deep-equal@https://registry.npmmirror.com/fast-deep-equal/-/fast-deep-equal-3.1.3.tgz. Extracting by manifest.
2014 silly tarball no local data for ajv-formats@https://registry.npmmirror.com/ajv-formats/-/ajv-formats-3.0.1.tgz. Extracting by manifest.
2015 silly tarball no local data for ajv-keywords@https://registry.npmmirror.com/ajv-keywords/-/ajv-keywords-5.1.0.tgz. Extracting by manifest.
2016 silly tarball no local data for ajv@https://registry.npmmirror.com/ajv/-/ajv-8.20.0.tgz. Extracting by manifest.
2017 silly tarball no local data for @xtuc/ieee754@https://registry.npmmirror.com/@xtuc/ieee754/-/ieee754-1.2.0.tgz. Extracting by manifest.
2018 silly tarball no local data for estraverse@https://registry.npmmirror.com/estraverse/-/estraverse-4.3.0.tgz. Extracting by manifest.
2019 silly tarball no local data for @webassemblyjs/utf8@https://registry.npmmirror.com/@webassemblyjs/utf8/-/utf8-1.13.2.tgz. Extracting by manifest.
2020 silly tarball no local data for esrecurse@https://registry.npmmirror.com/esrecurse/-/esrecurse-4.3.0.tgz. Extracting by manifest.
2021 silly tarball no local data for @webassemblyjs/wast-printer@https://registry.npmmirror.com/@webassemblyjs/wast-printer/-/wast-printer-1.14.1.tgz. Extracting by manifest.
2022 silly tarball no local data for @webassemblyjs/leb128@https://registry.npmmirror.com/@webassemblyjs/leb128/-/leb128-1.13.2.tgz. Extracting by manifest.
2023 silly tarball no local data for mime-db@https://registry.npmmirror.com/mime-db/-/mime-db-1.52.0.tgz. Extracting by manifest.
2024 silly tarball no local data for @xtuc/long@https://registry.npmmirror.com/@xtuc/long/-/long-4.2.2.tgz. Extracting by manifest.
2025 silly tarball no local data for @webassemblyjs/ieee754@https://registry.npmmirror.com/@webassemblyjs/ieee754/-/ieee754-1.13.2.tgz. Extracting by manifest.
2026 silly tarball no local data for @webassemblyjs/wasm-gen@https://registry.npmmirror.com/@webassemblyjs/wasm-gen/-/wasm-gen-1.14.1.tgz. Extracting by manifest.
2027 silly tarball no local data for @webassemblyjs/helper-buffer@https://registry.npmmirror.com/@webassemblyjs/helper-buffer/-/helper-buffer-1.14.1.tgz. Extracting by manifest.
2028 silly tarball no local data for @webassemblyjs/wasm-opt@https://registry.npmmirror.com/@webassemblyjs/wasm-opt/-/wasm-opt-1.14.1.tgz. Extracting by manifest.
2029 silly tarball no local data for @webassemblyjs/helper-wasm-section@https://registry.npmmirror.com/@webassemblyjs/helper-wasm-section/-/helper-wasm-section-1.14.1.tgz. Extracting by manifest.
2030 silly tarball no local data for @webassemblyjs/helper-api-error@https://registry.npmmirror.com/@webassemblyjs/helper-api-error/-/helper-api-error-1.13.2.tgz. Extracting by manifest.
2031 silly tarball no local data for @webassemblyjs/floating-point-hex-parser@https://registry.npmmirror.com/@webassemblyjs/floating-point-hex-parser/-/floating-point-hex-parser-1.13.2.tgz. Extracting by manifest.
2032 silly tarball no local data for webpack-sources@https://registry.npmmirror.com/webpack-sources/-/webpack-sources-3.6.0.tgz. Extracting by manifest.
2033 silly tarball no local data for @types/eslint@https://registry.npmmirror.com/@types/eslint/-/eslint-9.6.1.tgz. Extracting by manifest.
2034 silly tarball no local data for @webassemblyjs/helper-wasm-bytecode@https://registry.npmmirror.com/@webassemblyjs/helper-wasm-bytecode/-/helper-wasm-bytecode-1.13.2.tgz. Extracting by manifest.
2035 silly tarball no local data for @webassemblyjs/helper-numbers@https://registry.npmmirror.com/@webassemblyjs/helper-numbers/-/helper-numbers-1.13.2.tgz. Extracting by manifest.
2036 silly tarball no local data for watchpack@https://registry.npmmirror.com/watchpack/-/watchpack-2.5.2.tgz. Extracting by manifest.
2037 silly tarball no local data for terser-webpack-plugin@https://registry.npmmirror.com/terser-webpack-plugin/-/terser-webpack-plugin-5.6.1.tgz. Extracting by manifest.
2038 silly tarball no local data for neo-async@https://registry.npmmirror.com/neo-async/-/neo-async-2.6.2.tgz. Extracting by manifest.
2039 silly tarball no local data for tapable@https://registry.npmmirror.com/tapable/-/tapable-2.3.3.tgz. Extracting by manifest.
2040 silly tarball no local data for schema-utils@https://registry.npmmirror.com/schema-utils/-/schema-utils-4.5.0.tgz. Extracting by manifest.
2041 silly tarball no local data for loader-runner@https://registry.npmmirror.com/loader-runner/-/loader-runner-4.3.2.tgz. Extracting by manifest.
2042 silly tarball no local data for mime-types@https://registry.npmmirror.com/mime-types/-/mime-types-2.1.35.tgz. Extracting by manifest.
2043 silly tarball no local data for glob-to-regexp@https://registry.npmmirror.com/glob-to-regexp/-/glob-to-regexp-0.4.1.tgz. Extracting by manifest.
2044 silly tarball no local data for graceful-fs@https://registry.npmmirror.com/graceful-fs/-/graceful-fs-4.2.11.tgz. Extracting by manifest.
2045 silly tarball no local data for events@https://registry.npmmirror.com/events/-/events-3.3.0.tgz. Extracting by manifest.
2046 silly tarball no local data for eslint-scope@https://registry.npmmirror.com/eslint-scope/-/eslint-scope-5.1.1.tgz. Extracting by manifest.
2047 silly tarball no local data for enhanced-resolve@https://registry.npmmirror.com/enhanced-resolve/-/enhanced-resolve-5.25.1.tgz. Extracting by manifest.
2048 silly tarball no local data for acorn-import-phases@https://registry.npmmirror.com/acorn-import-phases/-/acorn-import-phases-1.0.4.tgz. Extracting by manifest.
2049 silly tarball no local data for es-module-lexer@https://registry.npmmirror.com/es-module-lexer/-/es-module-lexer-2.3.2.tgz. Extracting by manifest.
2050 silly tarball no local data for acorn@https://registry.npmmirror.com/acorn/-/acorn-8.18.0.tgz. Extracting by manifest.
2051 silly tarball no local data for @webassemblyjs/wasm-parser@https://registry.npmmirror.com/@webassemblyjs/wasm-parser/-/wasm-parser-1.14.1.tgz. Extracting by manifest.
2052 silly tarball no local data for chrome-trace-event@https://registry.npmmirror.com/chrome-trace-event/-/chrome-trace-event-1.0.4.tgz. Extracting by manifest.
2053 silly tarball no local data for @types/json-schema@https://registry.npmmirror.com/@types/json-schema/-/json-schema-7.0.15.tgz. Extracting by manifest.
2054 silly tarball no local data for @webassemblyjs/ast@https://registry.npmmirror.com/@webassemblyjs/ast/-/ast-1.14.1.tgz. Extracting by manifest.
2055 silly tarball no local data for @webassemblyjs/wasm-edit@https://registry.npmmirror.com/@webassemblyjs/wasm-edit/-/wasm-edit-1.14.1.tgz. Extracting by manifest.
2056 silly tarball no local data for @types/estree@https://registry.npmmirror.com/@types/estree/-/estree-1.0.9.tgz. Extracting by manifest.
2057 silly tarball no local data for @types/eslint-scope@https://registry.npmmirror.com/@types/eslint-scope/-/eslint-scope-3.7.7.tgz. Extracting by manifest.
2058 silly tarball no local data for escalade@https://registry.npmmirror.com/escalade/-/escalade-3.2.0.tgz. Extracting by manifest.
2059 silly tarball no local data for lower-case@https://registry.npmmirror.com/lower-case/-/lower-case-2.0.2.tgz. Extracting by manifest.
2060 silly tarball no local data for shebang-regex@https://registry.npmmirror.com/shebang-regex/-/shebang-regex-3.0.0.tgz. Extracting by manifest.
2061 silly tarball no local data for tiny-invariant@https://registry.npmmirror.com/tiny-invariant/-/tiny-invariant-1.3.3.tgz. Extracting by manifest.
2062 silly tarball no local data for dot-case@https://registry.npmmirror.com/dot-case/-/dot-case-3.0.4.tgz. Extracting by manifest.
2063 silly tarball no local data for no-case@https://registry.npmmirror.com/no-case/-/no-case-3.0.4.tgz. Extracting by manifest.
2064 silly tarball no local data for esprima@https://registry.npmmirror.com/esprima/-/esprima-4.0.1.tgz. Extracting by manifest.
2065 silly tarball no local data for kleur@https://registry.npmmirror.com/kleur/-/kleur-3.0.3.tgz. Extracting by manifest.
2066 silly tarball no local data for scheduler@https://registry.npmmirror.com/scheduler/-/scheduler-0.28.0.tgz. Extracting by manifest.
2067 silly tarball no local data for sisteransi@https://registry.npmmirror.com/sisteransi/-/sisteransi-1.0.5.tgz. Extracting by manifest.
2068 silly tarball no local data for source-map-js@https://registry.npmmirror.com/source-map-js/-/source-map-js-1.2.1.tgz. Extracting by manifest.
2069 silly tarball no local data for util-deprecate@https://registry.npmmirror.com/util-deprecate/-/util-deprecate-1.0.2.tgz. Extracting by manifest.
2070 silly tarball no local data for cssesc@https://registry.npmmirror.com/cssesc/-/cssesc-3.0.0.tgz. Extracting by manifest.
2071 silly tarball no local data for postcss-selector-parser@https://registry.npmmirror.com/postcss-selector-parser/-/postcss-selector-parser-7.1.6.tgz. Extracting by manifest.
2072 silly tarball no local data for nanoid@https://registry.npmmirror.com/nanoid/-/nanoid-3.3.19.tgz. Extracting by manifest.
2073 silly tarball no local data for json-parse-even-better-errors@https://registry.npmmirror.com/json-parse-even-better-errors/-/json-parse-even-better-errors-2.3.1.tgz. Extracting by manifest.
2074 silly tarball no local data for is-arrayish@https://registry.npmmirror.com/is-arrayish/-/is-arrayish-0.2.1.tgz. Extracting by manifest.
2075 silly tarball no local data for is-wsl@https://registry.npmmirror.com/is-wsl/-/is-wsl-2.2.0.tgz. Extracting by manifest.
2076 silly tarball no local data for lines-and-columns@https://registry.npmmirror.com/lines-and-columns/-/lines-and-columns-1.2.4.tgz. Extracting by manifest.
2077 silly tarball no local data for error-ex@https://registry.npmmirror.com/error-ex/-/error-ex-1.3.4.tgz. Extracting by manifest.
2078 silly tarball no local data for callsites@https://registry.npmmirror.com/callsites/-/callsites-3.1.0.tgz. Extracting by manifest.
2079 silly tarball no local data for define-lazy-prop@https://registry.npmmirror.com/define-lazy-prop/-/define-lazy-prop-2.0.0.tgz. Extracting by manifest.
2080 silly tarball no local data for @types/dom-mediacapture-transform@https://registry.npmmirror.com/@types/dom-mediacapture-transform/-/dom-mediacapture-transform-0.1.12.tgz. Extracting by manifest.
2081 silly tarball no local data for fs-monkey@https://registry.npmmirror.com/fs-monkey/-/fs-monkey-1.0.3.tgz. Extracting by manifest.
2082 silly tarball no local data for @types/dom-webcodecs@https://registry.npmmirror.com/@types/dom-webcodecs/-/dom-webcodecs-0.1.13.tgz. Extracting by manifest.
2083 silly tarball no local data for is-docker@https://registry.npmmirror.com/is-docker/-/is-docker-2.2.1.tgz. Extracting by manifest.
2084 silly tarball no local data for yallist@https://registry.npmmirror.com/yallist/-/yallist-3.1.1.tgz. Extracting by manifest.
2085 silly tarball no local data for mimic-fn@https://registry.npmmirror.com/mimic-fn/-/mimic-fn-2.1.0.tgz. Extracting by manifest.
2086 silly tarball no local data for argparse@https://registry.npmmirror.com/argparse/-/argparse-2.0.1.tgz. Extracting by manifest.
2087 silly tarball no local data for which@https://registry.npmmirror.com/which/-/which-2.0.2.tgz. Extracting by manifest.
2088 silly tarball no local data for shebang-command@https://registry.npmmirror.com/shebang-command/-/shebang-command-2.0.0.tgz. Extracting by manifest.
2089 silly tarball no local data for resolve-from@https://registry.npmmirror.com/resolve-from/-/resolve-from-4.0.0.tgz. Extracting by manifest.
2090 silly tarball no local data for parent-module@https://registry.npmmirror.com/parent-module/-/parent-module-1.0.1.tgz. Extracting by manifest.
2091 silly tarball no local data for path-key@https://registry.npmmirror.com/path-key/-/path-key-3.1.1.tgz. Extracting by manifest.
2092 silly tarball no local data for signal-exit@https://registry.npmmirror.com/signal-exit/-/signal-exit-3.0.7.tgz. Extracting by manifest.
2093 silly tarball no local data for npm-run-path@https://registry.npmmirror.com/npm-run-path/-/npm-run-path-4.0.1.tgz. Extracting by manifest.
2094 silly tarball no local data for strip-final-newline@https://registry.npmmirror.com/strip-final-newline/-/strip-final-newline-2.0.0.tgz. Extracting by manifest.
2095 silly tarball no local data for onetime@https://registry.npmmirror.com/onetime/-/onetime-5.1.2.tgz. Extracting by manifest.
2096 silly tarball no local data for merge-stream@https://registry.npmmirror.com/merge-stream/-/merge-stream-2.0.0.tgz. Extracting by manifest.
2097 silly tarball no local data for is-stream@https://registry.npmmirror.com/is-stream/-/is-stream-2.0.1.tgz. Extracting by manifest.
2098 silly tarball no local data for @esbuild/win32-x64@https://registry.npmmirror.com/@esbuild/win32-x64/-/win32-x64-0.28.1.tgz. Extracting by manifest.
2099 silly tarball no local data for human-signals@https://registry.npmmirror.com/human-signals/-/human-signals-2.1.0.tgz. Extracting by manifest.
2100 silly tarball no local data for get-stream@https://registry.npmmirror.com/get-stream/-/get-stream-6.0.1.tgz. Extracting by manifest.
2101 silly tarball no local data for cross-spawn@https://registry.npmmirror.com/cross-spawn/-/cross-spawn-7.0.6.tgz. Extracting by manifest.
2102 silly tarball no local data for stackframe@https://registry.npmmirror.com/stackframe/-/stackframe-1.3.4.tgz. Extracting by manifest.
2103 silly tarball no local data for ms@https://registry.npmmirror.com/ms/-/ms-2.1.3.tgz. Extracting by manifest.
2104 silly tarball no local data for d3-array@https://registry.npmmirror.com/d3-array/-/d3-array-3.2.4.tgz. Extracting by manifest.
2105 silly tarball no local data for internmap@https://registry.npmmirror.com/internmap/-/internmap-2.0.3.tgz. Extracting by manifest.
2106 silly tarball no local data for postcss-value-parser@https://registry.npmmirror.com/postcss-value-parser/-/postcss-value-parser-4.2.0.tgz. Extracting by manifest.
2107 silly tarball no local data for postcss-modules-values@https://registry.npmmirror.com/postcss-modules-values/-/postcss-modules-values-4.0.0.tgz. Extracting by manifest.
2108 silly tarball no local data for postcss-modules-local-by-default@https://registry.npmmirror.com/postcss-modules-local-by-default/-/postcss-modules-local-by-default-4.2.0.tgz. Extracting by manifest.
2109 silly tarball no local data for postcss-modules-scope@https://registry.npmmirror.com/postcss-modules-scope/-/postcss-modules-scope-3.2.1.tgz. Extracting by manifest.
2110 silly tarball no local data for postcss-modules-extract-imports@https://registry.npmmirror.com/postcss-modules-extract-imports/-/postcss-modules-extract-imports-3.1.0.tgz. Extracting by manifest.
2111 silly tarball no local data for icss-utils@https://registry.npmmirror.com/icss-utils/-/icss-utils-5.1.0.tgz. Extracting by manifest.
2112 silly tarball no local data for postcss@https://registry.npmmirror.com/postcss/-/postcss-8.5.28.tgz. Extracting by manifest.
2113 silly tarball no local data for path-type@https://registry.npmmirror.com/path-type/-/path-type-4.0.0.tgz. Extracting by manifest.
2114 silly tarball no local data for parse-json@https://registry.npmmirror.com/parse-json/-/parse-json-5.2.0.tgz. Extracting by manifest.
2115 silly tarball no local data for js-yaml@https://registry.npmmirror.com/js-yaml/-/js-yaml-4.3.2.tgz. Extracting by manifest.
2116 silly tarball no local data for update-browserslist-db@https://registry.npmmirror.com/update-browserslist-db/-/update-browserslist-db-1.3.3.tgz. Extracting by manifest.
2117 silly tarball no local data for node-releases@https://registry.npmmirror.com/node-releases/-/node-releases-2.0.57.tgz. Extracting by manifest.
2118 silly tarball no local data for import-fresh@https://registry.npmmirror.com/import-fresh/-/import-fresh-3.3.1.tgz. Extracting by manifest.
2119 silly tarball no local data for caniuse-lite@https://registry.npmmirror.com/caniuse-lite/-/caniuse-lite-1.0.30001813.tgz. Extracting by manifest.
2120 silly tarball no local data for electron-to-chromium@https://registry.npmmirror.com/electron-to-chromium/-/electron-to-chromium-1.5.440.tgz. Extracting by manifest.
2121 silly tarball no local data for @tanstack/virtual-core@https://registry.npmmirror.com/@tanstack/virtual-core/-/virtual-core-3.17.7.tgz. Extracting by manifest.
2122 silly tarball no local data for baseline-browser-mapping@https://registry.npmmirror.com/baseline-browser-mapping/-/baseline-browser-mapping-2.11.26.tgz. Extracting by manifest.
2123 silly tarball no local data for csstype@https://registry.npmmirror.com/csstype/-/csstype-3.2.3.tgz. Extracting by manifest.
2124 silly tarball no local data for @types/geojson@https://registry.npmmirror.com/@types/geojson/-/geojson-7946.0.16.tgz. Extracting by manifest.
2125 silly tarball no local data for @turf/meta@https://registry.npmmirror.com/@turf/meta/-/meta-7.4.0.tgz. Extracting by manifest.
2126 silly tarball no local data for @svgr/babel-plugin-transform-svg-component@https://registry.npmmirror.com/@svgr/babel-plugin-transform-svg-component/-/babel-plugin-transform-svg-component-8.0.0.tgz. Extracting by manifest.
2127 silly tarball no local data for svg-parser@https://registry.npmmirror.com/svg-parser/-/svg-parser-2.1.0.tgz. Extracting by manifest.
2128 silly tarball no local data for entities@https://registry.npmmirror.com/entities/-/entities-4.5.0.tgz. Extracting by manifest.
2129 silly tarball no local data for @svgr/hast-util-to-babel-ast@https://registry.npmmirror.com/@svgr/hast-util-to-babel-ast/-/hast-util-to-babel-ast-8.0.0.tgz. Extracting by manifest.
2130 silly tarball no local data for @svgr/babel-plugin-transform-react-native-svg@https://registry.npmmirror.com/@svgr/babel-plugin-transform-react-native-svg/-/babel-plugin-transform-react-native-svg-8.1.0.tgz. Extracting by manifest.
2131 silly tarball no local data for @svgr/babel-plugin-svg-em-dimensions@https://registry.npmmirror.com/@svgr/babel-plugin-svg-em-dimensions/-/babel-plugin-svg-em-dimensions-8.0.0.tgz. Extracting by manifest.
2132 silly tarball no local data for @svgr/babel-plugin-svg-dynamic-title@https://registry.npmmirror.com/@svgr/babel-plugin-svg-dynamic-title/-/babel-plugin-svg-dynamic-title-8.0.0.tgz. Extracting by manifest.
2133 silly tarball no local data for @svgr/babel-plugin-replace-jsx-attribute-value@https://registry.npmmirror.com/@svgr/babel-plugin-replace-jsx-attribute-value/-/babel-plugin-replace-jsx-attribute-value-8.0.0.tgz. Extracting by manifest.
2134 silly tarball no local data for @babel/helper-globals@https://registry.npmmirror.com/@babel/helper-globals/-/helper-globals-7.29.7.tgz. Extracting by manifest.
2135 silly tarball no local data for @svgr/babel-plugin-remove-jsx-attribute@https://registry.npmmirror.com/@svgr/babel-plugin-remove-jsx-attribute/-/babel-plugin-remove-jsx-attribute-8.0.0.tgz. Extracting by manifest.
2136 silly tarball no local data for @svgr/babel-plugin-remove-jsx-empty-expression@https://registry.npmmirror.com/@svgr/babel-plugin-remove-jsx-empty-expression/-/babel-plugin-remove-jsx-empty-expression-8.0.0.tgz. Extracting by manifest.
2137 silly tarball no local data for @svgr/babel-plugin-add-jsx-attribute@https://registry.npmmirror.com/@svgr/babel-plugin-add-jsx-attribute/-/babel-plugin-add-jsx-attribute-8.0.0.tgz. Extracting by manifest.
2138 silly tarball no local data for lru-cache@https://registry.npmmirror.com/lru-cache/-/lru-cache-5.1.1.tgz. Extracting by manifest.
2139 silly tarball no local data for @babel/helper-module-imports@https://registry.npmmirror.com/@babel/helper-module-imports/-/helper-module-imports-7.29.7.tgz. Extracting by manifest.
2140 silly tarball no local data for @babel/compat-data@https://registry.npmmirror.com/@babel/compat-data/-/compat-data-7.29.7.tgz. Extracting by manifest.
2141 silly tarball no local data for jsesc@https://registry.npmmirror.com/jsesc/-/jsesc-3.1.0.tgz. Extracting by manifest.
2142 silly tarball no local data for browserslist@https://registry.npmmirror.com/browserslist/-/browserslist-4.29.2.tgz. Extracting by manifest.
2143 silly tarball no local data for @babel/helper-validator-option@https://registry.npmmirror.com/@babel/helper-validator-option/-/helper-validator-option-7.29.7.tgz. Extracting by manifest.
2144 silly tarball no local data for @jridgewell/gen-mapping@https://registry.npmmirror.com/@jridgewell/gen-mapping/-/gen-mapping-0.3.13.tgz. Extracting by manifest.
2145 silly tarball no local data for picocolors@https://registry.npmmirror.com/picocolors/-/picocolors-1.1.1.tgz. Extracting by manifest.
2146 silly tarball no local data for js-tokens@https://registry.npmmirror.com/js-tokens/-/js-tokens-4.0.0.tgz. Extracting by manifest.
2147 silly tarball no local data for json5@https://registry.npmmirror.com/json5/-/json5-2.2.3.tgz. Extracting by manifest.
2148 silly tarball no local data for @jridgewell/remapping@https://registry.npmmirror.com/@jridgewell/remapping/-/remapping-2.3.5.tgz. Extracting by manifest.
2149 silly tarball no local data for gensync@https://registry.npmmirror.com/gensync/-/gensync-1.0.0-beta.2.tgz. Extracting by manifest.
2150 silly tarball no local data for @babel/traverse@https://registry.npmmirror.com/@babel/traverse/-/traverse-7.29.8.tgz. Extracting by manifest.
2151 silly tarball no local data for debug@https://registry.npmmirror.com/debug/-/debug-4.4.3.tgz. Extracting by manifest.
2152 silly tarball no local data for convert-source-map@https://registry.npmmirror.com/convert-source-map/-/convert-source-map-2.0.0.tgz. Extracting by manifest.
2153 silly tarball no local data for @babel/helpers@https://registry.npmmirror.com/@babel/helpers/-/helpers-7.29.7.tgz. Extracting by manifest.
2154 silly tarball no local data for cosmiconfig@https://registry.npmmirror.com/cosmiconfig/-/cosmiconfig-8.3.6.tgz. Extracting by manifest.
2155 silly tarball no local data for @babel/template@https://registry.npmmirror.com/@babel/template/-/template-7.29.7.tgz. Extracting by manifest.
2156 silly tarball no local data for @babel/helper-compilation-targets@https://registry.npmmirror.com/@babel/helper-compilation-targets/-/helper-compilation-targets-7.29.7.tgz. Extracting by manifest.
2157 silly tarball no local data for @babel/helper-module-transforms@https://registry.npmmirror.com/@babel/helper-module-transforms/-/helper-module-transforms-7.29.7.tgz. Extracting by manifest.
2158 silly tarball no local data for @babel/generator@https://registry.npmmirror.com/@babel/generator/-/generator-7.29.8.tgz. Extracting by manifest.
2159 silly tarball no local data for snake-case@https://registry.npmmirror.com/snake-case/-/snake-case-3.0.4.tgz. Extracting by manifest.
2160 silly tarball no local data for camelcase@https://registry.npmmirror.com/camelcase/-/camelcase-6.3.0.tgz. Extracting by manifest.
2161 silly tarball no local data for @babel/code-frame@https://registry.npmmirror.com/@babel/code-frame/-/code-frame-7.29.7.tgz. Extracting by manifest.
2162 silly tarball no local data for @svgr/babel-preset@https://registry.npmmirror.com/@svgr/babel-preset/-/babel-preset-8.1.0.tgz. Extracting by manifest.
2163 silly tarball no local data for html-entities@https://registry.npmmirror.com/html-entities/-/html-entities-2.6.0.tgz. Extracting by manifest.
2164 silly tarball no local data for @babel/core@https://registry.npmmirror.com/@babel/core/-/core-7.29.7.tgz. Extracting by manifest.
2165 silly tarball no local data for @rspack/binding-win32-x64-msvc@https://registry.npmmirror.com/@rspack/binding-win32-x64-msvc/-/binding-win32-x64-msvc-1.7.11.tgz. Extracting by manifest.
2166 silly tarball no local data for error-stack-parser@https://registry.npmmirror.com/error-stack-parser/-/error-stack-parser-2.1.4.tgz. Extracting by manifest.
2167 silly tarball no local data for tslib@https://registry.npmmirror.com/tslib/-/tslib-2.8.1.tgz. Extracting by manifest.
2168 silly tarball no local data for @module-federation/sdk@https://registry.npmmirror.com/@module-federation/sdk/-/sdk-0.22.0.tgz. Extracting by manifest.
2169 silly tarball no local data for @module-federation/runtime-core@https://registry.npmmirror.com/@module-federation/runtime-core/-/runtime-core-0.22.0.tgz. Extracting by manifest.
2170 silly tarball no local data for @module-federation/error-codes@https://registry.npmmirror.com/@module-federation/error-codes/-/error-codes-0.22.0.tgz. Extracting by manifest.
2171 silly tarball no local data for @rspack/binding@https://registry.npmmirror.com/@rspack/binding/-/binding-1.7.11.tgz. Extracting by manifest.
2172 silly tarball no local data for @module-federation/webpack-bundler-runtime@https://registry.npmmirror.com/@module-federation/webpack-bundler-runtime/-/webpack-bundler-runtime-0.22.0.tgz. Extracting by manifest.
2173 silly tarball no local data for @module-federation/runtime@https://registry.npmmirror.com/@module-federation/runtime/-/runtime-0.22.0.tgz. Extracting by manifest.
2174 silly tarball no local data for @mediabunny/mp3-encoder@https://registry.npmmirror.com/@mediabunny/mp3-encoder/-/mp3-encoder-1.56.1.tgz. Extracting by manifest.
2175 silly tarball no local data for @module-federation/runtime-tools@https://registry.npmmirror.com/@module-federation/runtime-tools/-/runtime-tools-0.22.0.tgz. Extracting by manifest.
2176 silly tarball no local data for @rspack/lite-tapable@https://registry.npmmirror.com/@rspack/lite-tapable/-/lite-tapable-1.1.0.tgz. Extracting by manifest.
2177 silly tarball no local data for @mediabunny/flac-encoder@https://registry.npmmirror.com/@mediabunny/flac-encoder/-/flac-encoder-1.56.1.tgz. Extracting by manifest.
2178 silly tarball no local data for @svgr/plugin-jsx@https://registry.npmmirror.com/@svgr/plugin-jsx/-/plugin-jsx-8.1.0.tgz. Extracting by manifest.
2179 silly tarball no local data for @mediabunny/aac-encoder@https://registry.npmmirror.com/@mediabunny/aac-encoder/-/aac-encoder-1.56.1.tgz. Extracting by manifest.
2180 silly tarball no local data for kiwi-schema@https://registry.npmmirror.com/kiwi-schema/-/kiwi-schema-0.5.0.tgz. Extracting by manifest.
2181 silly tarball no local data for to-fast-properties@https://registry.npmmirror.com/to-fast-properties/-/to-fast-properties-2.0.0.tgz. Extracting by manifest.
2182 silly tarball no local data for @svgr/core@https://registry.npmmirror.com/@svgr/core/-/core-8.1.0.tgz. Extracting by manifest.
2183 silly tarball no local data for @babel/helper-validator-identifier@https://registry.npmmirror.com/@babel/helper-validator-identifier/-/helper-validator-identifier-7.29.7.tgz. Extracting by manifest.
2184 silly tarball no local data for @jridgewell/sourcemap-codec@https://registry.npmmirror.com/@jridgewell/sourcemap-codec/-/sourcemap-codec-1.6.0.tgz. Extracting by manifest.
2185 silly tarball no local data for ast-types@https://registry.npmmirror.com/ast-types/-/ast-types-0.16.1.tgz. Extracting by manifest.
2186 silly tarball no local data for @babel/helper-string-parser@https://registry.npmmirror.com/@babel/helper-string-parser/-/helper-string-parser-7.29.7.tgz. Extracting by manifest.
2187 silly tarball no local data for @jridgewell/resolve-uri@https://registry.npmmirror.com/@jridgewell/resolve-uri/-/resolve-uri-3.1.2.tgz. Extracting by manifest.
2188 silly tarball no local data for @babel/types@https://registry.npmmirror.com/@babel/types/-/types-7.24.0.tgz. Extracting by manifest.
2189 silly tarball no local data for @tanstack/react-virtual@https://registry.npmmirror.com/@tanstack/react-virtual/-/react-virtual-3.14.9.tgz. Extracting by manifest.
2190 silly tarball no local data for recast@https://registry.npmmirror.com/recast/-/recast-0.23.21.tgz. Extracting by manifest.
2191 silly tarball no local data for prismjs@https://registry.npmmirror.com/prismjs/-/prismjs-1.30.0.tgz. Extracting by manifest.
2192 silly tarball no local data for memfs@https://registry.npmmirror.com/memfs/-/memfs-3.4.3.tgz. Extracting by manifest.
2193 silly tarball no local data for @remotion/web-renderer@https://registry.npmmirror.com/@remotion/web-renderer/-/web-renderer-4.0.529.tgz. Extracting by manifest.
2194 silly tarball no local data for open@https://registry.npmmirror.com/open/-/open-8.4.2.tgz. Extracting by manifest.
2195 silly tarball no local data for @remotion/studio-protocol@https://registry.npmmirror.com/@remotion/studio-protocol/-/studio-protocol-4.0.529.tgz. Extracting by manifest.
2196 silly tarball no local data for @remotion/zod-types@https://registry.npmmirror.com/@remotion/zod-types/-/zod-types-4.0.529.tgz. Extracting by manifest.
2197 silly tarball no local data for @remotion/paths@https://registry.npmmirror.com/@remotion/paths/-/paths-4.0.529.tgz. Extracting by manifest.
2198 silly tarball no local data for @remotion/media@https://registry.npmmirror.com/@remotion/media/-/media-4.0.529.tgz. Extracting by manifest.
2199 silly tarball no local data for @remotion/codemods@https://registry.npmmirror.com/@remotion/codemods/-/codemods-4.0.529.tgz. Extracting by manifest.
2200 silly tarball no local data for @jridgewell/trace-mapping@https://registry.npmmirror.com/@jridgewell/trace-mapping/-/trace-mapping-0.3.31.tgz. Extracting by manifest.
2201 silly tarball no local data for @remotion/captions@https://registry.npmmirror.com/@remotion/captions/-/captions-4.0.529.tgz. Extracting by manifest.
2202 silly tarball no local data for @remotion/canvas@https://registry.npmmirror.com/@remotion/canvas/-/canvas-4.0.529.tgz. Extracting by manifest.
2203 silly tarball no local data for ws@https://registry.npmmirror.com/ws/-/ws-8.21.0.tgz. Extracting by manifest.
2204 silly tarball no local data for @remotion/streaming@https://registry.npmmirror.com/@remotion/streaming/-/streaming-4.0.529.tgz. Extracting by manifest.
2205 silly tarball no local data for @remotion/compositor-win32-x64-msvc@https://registry.npmmirror.com/@remotion/compositor-win32-x64-msvc/-/compositor-win32-x64-msvc-4.0.529.tgz. Extracting by manifest.
2206 silly tarball no local data for execa@https://registry.npmmirror.com/execa/-/execa-5.1.1.tgz. Extracting by manifest.
2207 silly tarball no local data for @remotion/licensing@https://registry.npmmirror.com/@remotion/licensing/-/licensing-4.0.529.tgz. Extracting by manifest.
2208 silly tarball no local data for source-map@https://registry.npmmirror.com/source-map/-/source-map-0.8.0.tgz. Extracting by manifest.
2209 silly tarball no local data for mediabunny@https://registry.npmmirror.com/mediabunny/-/mediabunny-1.56.1.tgz. Extracting by manifest.
2210 silly tarball no local data for webpack@https://registry.npmmirror.com/webpack/-/webpack-5.105.0.tgz. Extracting by manifest.
2211 silly tarball no local data for @rspack/plugin-react-refresh@https://registry.npmmirror.com/@rspack/plugin-react-refresh/-/plugin-react-refresh-1.6.1.tgz. Extracting by manifest.
2212 silly tarball no local data for css-loader@https://registry.npmmirror.com/css-loader/-/css-loader-7.1.4.tgz. Extracting by manifest.
2213 silly tarball no local data for style-loader@https://registry.npmmirror.com/style-loader/-/style-loader-4.0.0.tgz. Extracting by manifest.
2214 silly tarball no local data for esbuild@https://registry.npmmirror.com/esbuild/-/esbuild-0.28.1.tgz. Extracting by manifest.
2215 silly tarball no local data for @rspack/core@https://registry.npmmirror.com/@rspack/core/-/core-1.7.11.tgz. Extracting by manifest.
2216 silly tarball no local data for @remotion/timeline-utils@https://registry.npmmirror.com/@remotion/timeline-utils/-/timeline-utils-4.0.529.tgz. Extracting by manifest.
2217 silly tarball no local data for react-refresh@https://registry.npmmirror.com/react-refresh/-/react-refresh-0.18.0.tgz. Extracting by manifest.
2218 silly tarball no local data for semver@https://registry.npmmirror.com/semver/-/semver-7.5.3.tgz. Extracting by manifest.
2219 silly tarball no local data for @remotion/media-parser@https://registry.npmmirror.com/@remotion/media-parser/-/media-parser-4.0.529.tgz. Extracting by manifest.
2220 silly tarball no local data for @remotion/studio-shared@https://registry.npmmirror.com/@remotion/studio-shared/-/studio-shared-4.0.529.tgz. Extracting by manifest.
2221 silly tarball no local data for prompts@https://registry.npmmirror.com/prompts/-/prompts-2.4.2.tgz. Extracting by manifest.
2222 silly tarball no local data for minimist@https://registry.npmmirror.com/minimist/-/minimist-1.2.6.tgz. Extracting by manifest.
2223 silly tarball no local data for dotenv@https://registry.npmmirror.com/dotenv/-/dotenv-17.3.1.tgz. Extracting by manifest.
2224 silly tarball no local data for @remotion/studio-server@https://registry.npmmirror.com/@remotion/studio-server/-/studio-server-4.0.529.tgz. Extracting by manifest.
2225 silly tarball no local data for @remotion/studio@https://registry.npmmirror.com/@remotion/studio/-/studio-4.0.529.tgz. Extracting by manifest.
2226 silly tarball no local data for @remotion/player@https://registry.npmmirror.com/@remotion/player/-/player-4.0.529.tgz. Extracting by manifest.
2227 silly tarball no local data for @remotion/media-utils@https://registry.npmmirror.com/@remotion/media-utils/-/media-utils-4.0.529.tgz. Extracting by manifest.
2228 silly tarball no local data for @remotion/renderer@https://registry.npmmirror.com/@remotion/renderer/-/renderer-4.0.529.tgz. Extracting by manifest.
2229 silly tarball no local data for @remotion/bundler@https://registry.npmmirror.com/@remotion/bundler/-/bundler-4.0.529.tgz. Extracting by manifest.
2230 silly tarball no local data for @babel/parser@https://registry.npmmirror.com/@babel/parser/-/parser-7.24.1.tgz. Extracting by manifest.
2231 silly tarball no local data for zod@https://registry.npmmirror.com/zod/-/zod-4.6.5.tgz. Extracting by manifest.
2232 silly tarball no local data for xlsx@https://registry.npmmirror.com/xlsx/-/xlsx-0.18.5.tgz. Extracting by manifest.
2233 silly tarball no local data for tsx@https://registry.npmmirror.com/tsx/-/tsx-4.23.15.tgz. Extracting by manifest.
2234 silly tarball no local data for typescript@https://registry.npmmirror.com/typescript/-/typescript-5.9.3.tgz. Extracting by manifest.
2235 silly tarball no local data for d3-geo@https://registry.npmmirror.com/d3-geo/-/d3-geo-3.1.1.tgz. Extracting by manifest.
2236 silly tarball no local data for remotion@https://registry.npmmirror.com/remotion/-/remotion-4.0.529.tgz. Extracting by manifest.
2237 silly tarball no local data for @types/react-dom@https://registry.npmmirror.com/@types/react-dom/-/react-dom-19.3.0.tgz. Extracting by manifest.
2238 silly tarball no local data for @turf/helpers@https://registry.npmmirror.com/@turf/helpers/-/helpers-7.4.0.tgz. Extracting by manifest.
2239 silly tarball no local data for @turf/centroid@https://registry.npmmirror.com/@turf/centroid/-/centroid-7.4.0.tgz. Extracting by manifest.
2240 silly tarball no local data for @types/d3-geo@https://registry.npmmirror.com/@types/d3-geo/-/d3-geo-3.1.1.tgz. Extracting by manifest.
2241 silly tarball no local data for @remotion/cli@https://registry.npmmirror.com/@remotion/cli/-/cli-4.0.529.tgz. Extracting by manifest.
2242 silly tarball no local data for @types/react@https://registry.npmmirror.com/@types/react/-/react-19.3.0.tgz. Extracting by manifest.
2243 silly tarball no local data for react-dom@https://registry.npmmirror.com/react-dom/-/react-dom-19.3.0.tgz. Extracting by manifest.
2244 silly tarball no local data for react@https://registry.npmmirror.com/react/-/react-19.3.0.tgz. Extracting by manifest.
2245 silly tarball no local data for source-map@https://registry.npmmirror.com/source-map/-/source-map-0.6.1.tgz. Extracting by manifest.
2246 silly tarball no local data for estraverse@https://registry.npmmirror.com/estraverse/-/estraverse-5.3.0.tgz. Extracting by manifest.
2247 silly tarball no local data for @babel/types@https://registry.npmmirror.com/@babel/types/-/types-7.29.8.tgz. Extracting by manifest.
2248 silly tarball no local data for @babel/types@https://registry.npmmirror.com/@babel/types/-/types-7.29.8.tgz. Extracting by manifest.
2249 silly tarball no local data for @babel/types@https://registry.npmmirror.com/@babel/types/-/types-7.29.8.tgz. Extracting by manifest.
2250 silly tarball no local data for @babel/parser@https://registry.npmmirror.com/@babel/parser/-/parser-7.29.9.tgz. Extracting by manifest.
2251 silly tarball no local data for @babel/parser@https://registry.npmmirror.com/@babel/parser/-/parser-7.29.9.tgz. Extracting by manifest.
2252 silly tarball no local data for @babel/types@https://registry.npmmirror.com/@babel/types/-/types-7.29.8.tgz. Extracting by manifest.
2253 silly tarball no local data for semver@https://registry.npmmirror.com/semver/-/semver-6.3.1.tgz. Extracting by manifest.
2254 silly tarball no local data for @babel/parser@https://registry.npmmirror.com/@babel/parser/-/parser-7.29.9.tgz. Extracting by manifest.
2255 silly tarball no local data for @babel/types@https://registry.npmmirror.com/@babel/types/-/types-7.29.8.tgz. Extracting by manifest.
2256 silly tarball no local data for source-map@https://registry.npmmirror.com/source-map/-/source-map-0.6.1.tgz. Extracting by manifest.
2257 silly tarball no local data for zod@https://registry.npmmirror.com/zod/-/zod-4.5.4.tgz. Extracting by manifest.
2258 silly tarball no local data for semver@https://registry.npmmirror.com/semver/-/semver-6.3.1.tgz. Extracting by manifest.
2259 silly tarball no local data for semver@https://registry.npmmirror.com/semver/-/semver-7.8.5.tgz. Extracting by manifest.
2260 silly tarball no local data for @babel/types@https://registry.npmmirror.com/@babel/types/-/types-7.29.8.tgz. Extracting by manifest.
2261 silly tarball no local data for yallist@https://registry.npmmirror.com/yallist/-/yallist-4.0.0.tgz. Extracting by manifest.
2262 silly tarball no local data for @babel/parser@https://registry.npmmirror.com/@babel/parser/-/parser-7.29.9.tgz. Extracting by manifest.
2263 silly tarball no local data for lru-cache@https://registry.npmmirror.com/lru-cache/-/lru-cache-6.0.0.tgz. Extracting by manifest.
2264 silly tarball no local data for zod@https://registry.npmmirror.com/zod/-/zod-4.5.4.tgz. Extracting by manifest.
2265 silly tarball no local data for zod@https://registry.npmmirror.com/zod/-/zod-4.5.4.tgz. Extracting by manifest.
2266 silly tarball no local data for zod@https://registry.npmmirror.com/zod/-/zod-4.5.4.tgz. Extracting by manifest.
2267 http fetch GET 200 https://cdn.npmmirror.com/packages/require-from-string/2.0.2/require-from-string-2.0.2.tgz 201ms (cache miss)
2268 http fetch GET 200 https://cdn.npmmirror.com/packages/ssf/0.11.2/ssf-0.11.2.tgz 207ms (cache miss)
2269 http fetch GET 200 https://cdn.npmmirror.com/packages/commander/2.20.3/commander-2.20.3.tgz 214ms (cache miss)
2270 http fetch GET 200 https://cdn.npmmirror.com/packages/wmf/1.0.2/wmf-1.0.2.tgz 219ms (cache miss)
2271 http fetch GET 200 https://cdn.npmmirror.com/packages/json-schema-traverse/1.0.0/json-schema-traverse-1.0.0.tgz 227ms (cache miss)
2272 http fetch GET 200 https://cdn.npmmirror.com/packages/fast-deep-equal/3.1.3/fast-deep-equal-3.1.3.tgz 271ms (cache miss)
2273 http fetch GET 200 https://cdn.npmmirror.com/packages/cfb/1.2.2/cfb-1.2.2.tgz 282ms (cache miss)
2274 http fetch GET 200 https://cdn.npmmirror.com/packages/source-map-support/0.5.21/source-map-support-0.5.21.tgz 286ms (cache miss)
2275 http fetch GET 200 https://cdn.npmmirror.com/packages/%40xtuc/ieee754/1.2.0/ieee754-1.2.0.tgz 302ms (cache miss)
2276 http fetch GET 200 https://cdn.npmmirror.com/packages/undici-types/8.9.0/undici-types-8.9.0.tgz 308ms (cache miss)
2277 http fetch GET 200 https://cdn.npmmirror.com/packages/jest-worker/27.5.1/jest-worker-27.5.1.tgz 310ms (cache miss)
2278 http fetch GET 200 https://cdn.npmmirror.com/packages/fast-uri/3.1.8/fast-uri-3.1.8.tgz 339ms (cache miss)
2279 http fetch GET 200 https://cdn.npmmirror.com/packages/adler-32/1.3.1/adler-32-1.3.1.tgz 378ms (cache miss)
2280 http fetch GET 200 https://cdn.npmmirror.com/packages/terser/5.51.2/terser-5.51.2.tgz 376ms (cache miss)
2281 http fetch GET 200 https://cdn.npmmirror.com/packages/crc-32/1.2.2/crc-32-1.2.2.tgz 411ms (cache miss)
2282 http fetch GET 200 https://cdn.npmmirror.com/packages/%40webassemblyjs/wast-printer/1.14.1/wast-printer-1.14.1.tgz 411ms (cache miss)
2283 http fetch GET 200 https://cdn.npmmirror.com/packages/esrecurse/4.3.0/esrecurse-4.3.0.tgz 435ms (cache miss)
2284 http fetch GET 200 https://cdn.npmmirror.com/packages/supports-color/8.1.1/supports-color-8.1.1.tgz 480ms (cache miss)
2285 http fetch GET 200 https://cdn.npmmirror.com/packages/mime-db/1.52.0/mime-db-1.52.0.tgz 497ms (cache miss)
2286 http fetch GET 200 https://cdn.npmmirror.com/packages/%40webassemblyjs/wasm-gen/1.14.1/wasm-gen-1.14.1.tgz 542ms (cache miss)
2287 http fetch GET 200 https://cdn.npmmirror.com/packages/%40webassemblyjs/ieee754/1.13.2/ieee754-1.13.2.tgz 543ms (cache miss)
2288 http fetch GET 200 https://cdn.npmmirror.com/packages/%40webassemblyjs/helper-buffer/1.14.1/helper-buffer-1.14.1.tgz 553ms (cache miss)
2289 http fetch GET 200 https://cdn.npmmirror.com/packages/%40xtuc/long/4.2.2/long-4.2.2.tgz 574ms (cache miss)
2290 http fetch GET 200 https://cdn.npmmirror.com/packages/%40webassemblyjs/wasm-opt/1.14.1/wasm-opt-1.14.1.tgz 584ms (cache miss)
2291 http fetch GET 200 https://cdn.npmmirror.com/packages/codepage/1.15.0/codepage-1.15.0.tgz 647ms (cache miss)
2292 http fetch GET 200 https://cdn.npmmirror.com/packages/%40webassemblyjs/helper-wasm-section/1.14.1/helper-wasm-section-1.14.1.tgz 646ms (cache miss)
2293 http fetch GET 200 https://cdn.npmmirror.com/packages/%40types/eslint/9.6.1/eslint-9.6.1.tgz 657ms (cache miss)
2294 http fetch GET 200 https://cdn.npmmirror.com/packages/%40webassemblyjs/helper-numbers/1.13.2/helper-numbers-1.13.2.tgz 677ms (cache miss)
2295 http fetch GET 200 https://cdn.npmmirror.com/packages/webpack-sources/3.6.0/webpack-sources-3.6.0.tgz 746ms (cache miss)
2296 http fetch GET 200 https://cdn.npmmirror.com/packages/watchpack/2.5.2/watchpack-2.5.2.tgz 756ms (cache miss)
2297 http fetch GET 200 https://cdn.npmmirror.com/packages/estraverse/4.3.0/estraverse-4.3.0.tgz 770ms (cache miss)
2298 http fetch GET 200 https://cdn.npmmirror.com/packages/%40webassemblyjs/helper-wasm-bytecode/1.13.2/helper-wasm-bytecode-1.13.2.tgz 780ms (cache miss)
2299 http fetch GET 200 https://cdn.npmmirror.com/packages/terser-webpack-plugin/5.6.1/terser-webpack-plugin-5.6.1.tgz 787ms (cache miss)
2300 http fetch GET 200 https://cdn.npmmirror.com/packages/%40webassemblyjs/floating-point-hex-parser/1.13.2/floating-point-hex-parser-1.13.2.tgz 791ms (cache miss)
2301 http fetch GET 200 https://cdn.npmmirror.com/packages/tapable/2.3.3/tapable-2.3.3.tgz 849ms (cache miss)
2302 http fetch GET 200 https://cdn.npmmirror.com/packages/mime-types/2.1.35/mime-types-2.1.35.tgz 860ms (cache miss)
2303 http fetch GET 200 https://cdn.npmmirror.com/packages/glob-to-regexp/0.4.1/glob-to-regexp-0.4.1.tgz 868ms (cache miss)
2304 http fetch GET 200 https://cdn.npmmirror.com/packages/ajv-keywords/5.1.0/ajv-keywords-5.1.0.tgz 880ms (cache miss)
2305 http fetch GET 200 https://cdn.npmmirror.com/packages/graceful-fs/4.2.11/graceful-fs-4.2.11.tgz 910ms (cache miss)
2306 http fetch GET 200 https://cdn.npmmirror.com/packages/loader-runner/4.3.2/loader-runner-4.3.2.tgz 921ms (cache miss)
2307 http fetch GET 200 https://cdn.npmmirror.com/packages/neo-async/2.6.2/neo-async-2.6.2.tgz 922ms (cache miss)
2308 http fetch GET 200 https://cdn.npmmirror.com/packages/events/3.3.0/events-3.3.0.tgz 979ms (cache miss)
2309 http fetch GET 200 https://cdn.npmmirror.com/packages/eslint-scope/5.1.1/eslint-scope-5.1.1.tgz 981ms (cache miss)
2310 http fetch GET 200 https://cdn.npmmirror.com/packages/acorn-import-phases/1.0.4/acorn-import-phases-1.0.4.tgz 985ms (cache miss)
2311 http fetch GET 200 https://cdn.npmmirror.com/packages/es-module-lexer/2.3.2/es-module-lexer-2.3.2.tgz 1014ms (cache miss)
2312 http fetch GET 200 https://cdn.npmmirror.com/packages/%40webassemblyjs/wasm-parser/1.14.1/wasm-parser-1.14.1.tgz 1035ms (cache miss)
2313 http fetch GET 200 https://cdn.npmmirror.com/packages/chrome-trace-event/1.0.4/chrome-trace-event-1.0.4.tgz 1056ms (cache miss)
2314 http fetch GET 200 https://cdn.npmmirror.com/packages/enhanced-resolve/5.25.1/enhanced-resolve-5.25.1.tgz 1066ms (cache miss)
2315 http fetch GET 200 https://cdn.npmmirror.com/packages/%40webassemblyjs/wasm-edit/1.14.1/wasm-edit-1.14.1.tgz 1149ms (cache miss)
2316 http fetch GET 200 https://cdn.npmmirror.com/packages/%40webassemblyjs/ast/1.14.1/ast-1.14.1.tgz 1156ms (cache miss)
2317 http fetch GET 200 https://cdn.npmmirror.com/packages/%40types/estree/1.0.9/estree-1.0.9.tgz 1396ms (cache miss)
2318 http fetch GET 200 https://cdn.npmmirror.com/packages/%40types/json-schema/7.0.15/json-schema-7.0.15.tgz 1408ms (cache miss)
2319 http fetch GET 200 https://cdn.npmmirror.com/packages/%40types/eslint-scope/3.7.7/eslint-scope-3.7.7.tgz 1449ms (cache miss)
2320 http fetch GET 200 https://cdn.npmmirror.com/packages/escalade/3.2.0/escalade-3.2.0.tgz 1460ms (cache miss)
2321 http fetch GET 200 https://cdn.npmmirror.com/packages/isexe/2.0.0/isexe-2.0.0.tgz 1497ms (cache miss)
2322 http fetch GET 200 https://cdn.npmmirror.com/packages/lower-case/2.0.2/lower-case-2.0.2.tgz 1497ms (cache miss)
2323 http fetch GET 200 https://cdn.npmmirror.com/packages/shebang-regex/3.0.0/shebang-regex-3.0.0.tgz 1511ms (cache miss)
2324 http fetch GET 200 https://cdn.npmmirror.com/packages/tiny-invariant/1.3.3/tiny-invariant-1.3.3.tgz 1534ms (cache miss)
2325 http fetch GET 200 https://cdn.npmmirror.com/packages/no-case/3.0.4/no-case-3.0.4.tgz 1567ms (cache miss)
2326 http fetch GET 200 https://cdn.npmmirror.com/packages/ajv/8.20.0/ajv-8.20.0.tgz 1602ms (cache miss)
2327 http fetch GET 200 https://cdn.npmmirror.com/packages/has-flag/4.0.0/has-flag-4.0.0.tgz 2310ms (cache miss)
2328 http fetch GET 200 https://cdn.npmmirror.com/packages/scheduler/0.28.0/scheduler-0.28.0.tgz 2348ms (cache miss)
2329 http fetch GET 200 https://cdn.npmmirror.com/packages/sisteransi/1.0.5/sisteransi-1.0.5.tgz 2414ms (cache miss)
2330 http fetch GET 200 https://cdn.npmmirror.com/packages/source-map-js/1.2.1/source-map-js-1.2.1.tgz 2490ms (cache miss)
2331 http fetch GET 200 https://cdn.npmmirror.com/packages/util-deprecate/1.0.2/util-deprecate-1.0.2.tgz 2519ms (cache miss)
2332 http fetch GET 200 https://cdn.npmmirror.com/packages/cssesc/3.0.0/cssesc-3.0.0.tgz 2574ms (cache miss)
2333 http fetch GET 200 https://cdn.npmmirror.com/packages/acorn/8.18.0/acorn-8.18.0.tgz 2927ms (cache miss)
2334 http fetch GET 200 https://cdn.npmmirror.com/packages/nanoid/3.3.19/nanoid-3.3.19.tgz 2971ms (cache miss)
2335 http fetch GET 200 https://cdn.npmmirror.com/packages/json-parse-even-better-errors/2.3.1/json-parse-even-better-errors-2.3.1.tgz 2997ms (cache miss)
2336 http fetch GET 200 https://cdn.npmmirror.com/packages/is-arrayish/0.2.1/is-arrayish-0.2.1.tgz 3046ms (cache miss)
2337 http fetch GET 200 https://cdn.npmmirror.com/packages/%40types/node/26.6.3/node-26.6.3.tgz 3918ms (cache miss)
2338 http fetch GET 200 https://cdn.npmmirror.com/packages/lines-and-columns/1.2.4/lines-and-columns-1.2.4.tgz 4048ms (cache miss)
2339 http fetch GET 200 https://cdn.npmmirror.com/packages/error-ex/1.3.4/error-ex-1.3.4.tgz 4093ms (cache miss)
2340 http fetch GET 200 https://cdn.npmmirror.com/packages/esprima/4.0.1/esprima-4.0.1.tgz 4100ms (cache miss)
2341 http fetch GET 200 https://cdn.npmmirror.com/packages/%40jridgewell/source-map/0.3.11/source-map-0.3.11.tgz 4353ms (cache miss)
2342 http fetch GET 200 https://cdn.npmmirror.com/packages/frac/1.1.2/frac-1.1.2.tgz 4376ms (cache miss)
2343 http fetch GET 200 https://cdn.npmmirror.com/packages/word/0.3.0/word-0.3.0.tgz 4458ms (cache miss)
2344 http fetch GET 200 https://cdn.npmmirror.com/packages/ajv-formats/3.0.1/ajv-formats-3.0.1.tgz 4516ms (cache miss)
2345 http fetch GET 200 https://cdn.npmmirror.com/packages/is-docker/2.2.1/is-docker-2.2.1.tgz 4545ms (cache miss)
2346 http fetch GET 200 https://cdn.npmmirror.com/packages/define-lazy-prop/2.0.0/define-lazy-prop-2.0.0.tgz 4573ms (cache miss)
2347 http fetch GET 200 https://cdn.npmmirror.com/packages/%40webassemblyjs/utf8/1.13.2/utf8-1.13.2.tgz 4595ms (cache miss)
2348 http fetch GET 200 https://cdn.npmmirror.com/packages/yallist/3.1.1/yallist-3.1.1.tgz 4589ms (cache miss)
2349 http fetch GET 200 https://cdn.npmmirror.com/packages/argparse/2.0.1/argparse-2.0.1.tgz 4630ms (cache miss)
2350 http fetch GET 200 https://cdn.npmmirror.com/packages/which/2.0.2/which-2.0.2.tgz 4639ms (cache miss)
2351 http fetch GET 200 https://cdn.npmmirror.com/packages/shebang-command/2.0.0/shebang-command-2.0.0.tgz 4676ms (cache miss)
2352 http fetch GET 200 https://cdn.npmmirror.com/packages/%40webassemblyjs/leb128/1.13.2/leb128-1.13.2.tgz 4701ms (cache miss)
2353 http fetch GET 200 https://cdn.npmmirror.com/packages/%40webassemblyjs/helper-api-error/1.13.2/helper-api-error-1.13.2.tgz 4886ms (cache miss)
2354 http fetch GET 200 https://cdn.npmmirror.com/packages/signal-exit/3.0.7/signal-exit-3.0.7.tgz 4908ms (cache miss)
2355 http fetch GET 200 https://cdn.npmmirror.com/packages/npm-run-path/4.0.1/npm-run-path-4.0.1.tgz 4959ms (cache miss)
2356 http fetch GET 200 https://cdn.npmmirror.com/packages/%40types/dom-webcodecs/0.1.13/dom-webcodecs-0.1.13.tgz 4974ms (cache miss)
2357 http fetch GET 200 https://cdn.npmmirror.com/packages/strip-final-newline/2.0.0/strip-final-newline-2.0.0.tgz 5021ms (cache miss)
2358 http fetch GET 200 https://cdn.npmmirror.com/packages/merge-stream/2.0.0/merge-stream-2.0.0.tgz 5050ms (cache miss)
2359 http fetch GET 200 https://cdn.npmmirror.com/packages/schema-utils/4.5.0/schema-utils-4.5.0.tgz 5102ms (cache miss)
2360 http fetch GET 200 https://cdn.npmmirror.com/packages/resolve-from/4.0.0/resolve-from-4.0.0.tgz 5147ms (cache miss)
2361 http fetch GET 200 https://cdn.npmmirror.com/packages/dot-case/3.0.4/dot-case-3.0.4.tgz 5422ms (cache miss)
2362 http fetch GET 200 https://cdn.npmmirror.com/packages/is-stream/2.0.1/is-stream-2.0.1.tgz 5414ms (cache miss)
2363 http fetch GET 200 https://cdn.npmmirror.com/packages/callsites/3.1.0/callsites-3.1.0.tgz 5464ms (cache miss)
2364 http fetch GET 200 https://cdn.npmmirror.com/packages/stackframe/1.3.4/stackframe-1.3.4.tgz 5666ms (cache miss)
2365 http fetch GET 200 https://cdn.npmmirror.com/packages/%40esbuild/win32-x64/0.28.1/win32-x64-0.28.1.tgz 5687ms (cache miss)
2366 http fetch GET 200 https://cdn.npmmirror.com/packages/internmap/2.0.3/internmap-2.0.3.tgz 5835ms (cache miss)
2367 http fetch GET 200 https://cdn.npmmirror.com/packages/d3-array/3.2.4/d3-array-3.2.4.tgz 5864ms (cache miss)
2368 http fetch GET 200 https://cdn.npmmirror.com/packages/ms/2.1.3/ms-2.1.3.tgz 6021ms (cache miss)
2369 http fetch GET 200 https://cdn.npmmirror.com/packages/postcss-modules-values/4.0.0/postcss-modules-values-4.0.0.tgz 6062ms (cache miss)
2370 http fetch GET 200 https://cdn.npmmirror.com/packages/postcss-modules-local-by-default/4.2.0/postcss-modules-local-by-default-4.2.0.tgz 6109ms (cache miss)
2371 http fetch GET 200 https://cdn.npmmirror.com/packages/postcss-modules-scope/3.2.1/postcss-modules-scope-3.2.1.tgz 6157ms (cache miss)
2372 http fetch GET 200 https://cdn.npmmirror.com/packages/cross-spawn/7.0.6/cross-spawn-7.0.6.tgz 6236ms (cache miss)
2373 http fetch GET 200 https://cdn.npmmirror.com/packages/icss-utils/5.1.0/icss-utils-5.1.0.tgz 6279ms (cache miss)
2374 http fetch GET 200 https://cdn.npmmirror.com/packages/path-key/3.1.1/path-key-3.1.1.tgz 6286ms (cache miss)
2375 http fetch GET 200 https://cdn.npmmirror.com/packages/mimic-fn/2.1.0/mimic-fn-2.1.0.tgz 6303ms (cache miss)
2376 http fetch GET 200 https://cdn.npmmirror.com/packages/path-type/4.0.0/path-type-4.0.0.tgz 6358ms (cache miss)
2377 http fetch GET 200 https://cdn.npmmirror.com/packages/parse-json/5.2.0/parse-json-5.2.0.tgz 6370ms (cache miss)
2378 http fetch GET 200 https://cdn.npmmirror.com/packages/node-releases/2.0.57/node-releases-2.0.57.tgz 6882ms (cache miss)
2379 http fetch GET 200 https://cdn.npmmirror.com/packages/postcss-selector-parser/7.1.6/postcss-selector-parser-7.1.6.tgz 6903ms (cache miss)
2380 http fetch GET 200 https://cdn.npmmirror.com/packages/import-fresh/3.3.1/import-fresh-3.3.1.tgz 6941ms (cache miss)
2381 http fetch GET 200 https://cdn.npmmirror.com/packages/get-stream/6.0.1/get-stream-6.0.1.tgz 6983ms (cache miss)
2382 http fetch GET 200 https://cdn.npmmirror.com/packages/electron-to-chromium/1.5.440/electron-to-chromium-1.5.440.tgz 7035ms (cache miss)
2383 http fetch GET 200 https://cdn.npmmirror.com/packages/%40tanstack/virtual-core/3.17.7/virtual-core-3.17.7.tgz 7095ms (cache miss)
2384 http fetch GET 200 https://cdn.npmmirror.com/packages/baseline-browser-mapping/2.11.26/baseline-browser-mapping-2.11.26.tgz 7098ms (cache miss)
2385 http fetch GET 200 https://cdn.npmmirror.com/packages/buffer-from/1.1.2/buffer-from-1.1.2.tgz 7146ms (cache miss)
2386 http fetch GET 200 https://cdn.npmmirror.com/packages/%40types/geojson/7946.0.16/geojson-7946.0.16.tgz 7133ms (cache miss)
2387 http fetch GET 200 https://cdn.npmmirror.com/packages/csstype/3.2.3/csstype-3.2.3.tgz 7134ms (cache miss)
2388 http fetch GET 200 https://cdn.npmmirror.com/packages/%40turf/meta/7.4.0/meta-7.4.0.tgz 7183ms (cache miss)
2389 http fetch GET 200 https://cdn.npmmirror.com/packages/is-wsl/2.2.0/is-wsl-2.2.0.tgz 7199ms (cache miss)
2390 http fetch GET 200 https://cdn.npmmirror.com/packages/onetime/5.1.2/onetime-5.1.2.tgz 7217ms (cache miss)
2391 http fetch GET 200 https://cdn.npmmirror.com/packages/%40svgr/hast-util-to-babel-ast/8.0.0/hast-util-to-babel-ast-8.0.0.tgz 7236ms (cache miss)
2392 http fetch GET 200 https://cdn.npmmirror.com/packages/svg-parser/2.1.0/svg-parser-2.1.0.tgz 7245ms (cache miss)
2393 http fetch GET 200 https://cdn.npmmirror.com/packages/%40svgr/babel-plugin-transform-react-native-svg/8.1.0/babel-plugin-transform-react-native-svg-8.1.0.tgz 7255ms (cache miss)
2394 http fetch GET 200 https://cdn.npmmirror.com/packages/%40svgr/babel-plugin-svg-dynamic-title/8.0.0/babel-plugin-svg-dynamic-title-8.0.0.tgz 7282ms (cache miss)
2395 http fetch GET 200 https://cdn.npmmirror.com/packages/%40svgr/babel-plugin-replace-jsx-attribute-value/8.0.0/babel-plugin-replace-jsx-attribute-value-8.0.0.tgz 7286ms (cache miss)
2396 http fetch GET 200 https://cdn.npmmirror.com/packages/%40babel/helper-globals/7.29.7/helper-globals-7.29.7.tgz 7306ms (cache miss)
2397 http fetch GET 200 https://cdn.npmmirror.com/packages/%40svgr/babel-plugin-remove-jsx-attribute/8.0.0/babel-plugin-remove-jsx-attribute-8.0.0.tgz 7318ms (cache miss)
2398 http fetch GET 200 https://cdn.npmmirror.com/packages/%40svgr/babel-plugin-remove-jsx-empty-expression/8.0.0/babel-plugin-remove-jsx-empty-expression-8.0.0.tgz 7328ms (cache miss)
2399 http fetch GET 200 https://cdn.npmmirror.com/packages/entities/4.5.0/entities-4.5.0.tgz 7365ms (cache miss)
2400 http fetch GET 200 https://cdn.npmmirror.com/packages/%40svgr/babel-plugin-add-jsx-attribute/8.0.0/babel-plugin-add-jsx-attribute-8.0.0.tgz 7381ms (cache miss)
2401 http fetch GET 200 https://cdn.npmmirror.com/packages/update-browserslist-db/1.3.3/update-browserslist-db-1.3.3.tgz 7399ms (cache miss)
2402 http fetch GET 200 https://cdn.npmmirror.com/packages/jsesc/3.1.0/jsesc-3.1.0.tgz 7435ms (cache miss)
2403 http fetch GET 200 https://cdn.npmmirror.com/packages/%40babel/compat-data/7.29.7/compat-data-7.29.7.tgz 7436ms (cache miss)
2404 http fetch GET 200 https://cdn.npmmirror.com/packages/browserslist/4.29.2/browserslist-4.29.2.tgz 7483ms (cache miss)
2405 http fetch GET 200 https://cdn.npmmirror.com/packages/%40babel/helper-validator-option/7.29.7/helper-validator-option-7.29.7.tgz 7568ms (cache miss)
2406 http fetch GET 200 https://cdn.npmmirror.com/packages/%40jridgewell/gen-mapping/0.3.13/gen-mapping-0.3.13.tgz 7568ms (cache miss)
2407 http fetch GET 200 https://cdn.npmmirror.com/packages/picocolors/1.1.1/picocolors-1.1.1.tgz 7577ms (cache miss)
2408 http fetch GET 200 https://cdn.npmmirror.com/packages/js-tokens/4.0.0/js-tokens-4.0.0.tgz 7624ms (cache miss)
2409 http fetch GET 200 https://cdn.npmmirror.com/packages/json5/2.2.3/json5-2.2.3.tgz 7648ms (cache miss)
2410 http fetch GET 200 https://cdn.npmmirror.com/packages/%40jridgewell/remapping/2.3.5/remapping-2.3.5.tgz 7780ms (cache miss)
2411 http fetch GET 200 https://cdn.npmmirror.com/packages/lru-cache/5.1.1/lru-cache-5.1.1.tgz 7816ms (cache miss)
2412 http fetch GET 200 https://cdn.npmmirror.com/packages/js-yaml/4.3.2/js-yaml-4.3.2.tgz 7845ms (cache miss)
2413 http fetch GET 200 https://cdn.npmmirror.com/packages/cosmiconfig/8.3.6/cosmiconfig-8.3.6.tgz 7958ms (cache miss)
2414 http fetch GET 200 https://cdn.npmmirror.com/packages/%40babel/traverse/7.29.8/traverse-7.29.8.tgz 7964ms (cache miss)
2415 http fetch GET 200 https://cdn.npmmirror.com/packages/%40babel/template/7.29.7/template-7.29.7.tgz 7997ms (cache miss)
2416 http fetch GET 200 https://cdn.npmmirror.com/packages/parent-module/1.0.1/parent-module-1.0.1.tgz 8040ms (cache miss)
2417 http fetch GET 200 https://cdn.npmmirror.com/packages/%40babel/helper-compilation-targets/7.29.7/helper-compilation-targets-7.29.7.tgz 8062ms (cache miss)
2418 http fetch GET 200 https://cdn.npmmirror.com/packages/snake-case/3.0.4/snake-case-3.0.4.tgz 8157ms (cache miss)
2419 http fetch GET 200 https://cdn.npmmirror.com/packages/%40babel/generator/7.29.8/generator-7.29.8.tgz 8187ms (cache miss)
2420 http fetch GET 200 https://cdn.npmmirror.com/packages/camelcase/6.3.0/camelcase-6.3.0.tgz 8201ms (cache miss)
2421 http fetch GET 200 https://cdn.npmmirror.com/packages/%40babel/code-frame/7.29.7/code-frame-7.29.7.tgz 8264ms (cache miss)
2422 http fetch GET 200 https://cdn.npmmirror.com/packages/%40svgr/babel-preset/8.1.0/babel-preset-8.1.0.tgz 8313ms (cache miss)
2423 http fetch GET 200 https://cdn.npmmirror.com/packages/%40babel/helpers/7.29.7/helpers-7.29.7.tgz 8375ms (cache miss)
2424 http fetch GET 200 https://cdn.npmmirror.com/packages/html-entities/2.6.0/html-entities-2.6.0.tgz 8410ms (cache miss)
2425 http fetch GET 200 https://cdn.npmmirror.com/packages/%40types/dom-mediacapture-transform/0.1.12/dom-mediacapture-transform-0.1.12.tgz 8509ms (cache miss)
2426 http fetch GET 200 https://cdn.npmmirror.com/packages/fs-monkey/1.0.3/fs-monkey-1.0.3.tgz 8539ms (cache miss)
2427 http fetch GET 200 https://cdn.npmmirror.com/packages/error-stack-parser/2.1.4/error-stack-parser-2.1.4.tgz 8540ms (cache miss)
2428 http fetch GET 200 https://cdn.npmmirror.com/packages/caniuse-lite/1.0.30001813/caniuse-lite-1.0.30001813.tgz 8585ms (cache miss)
2429 http fetch GET 200 https://cdn.npmmirror.com/packages/tslib/2.8.1/tslib-2.8.1.tgz 8572ms (cache miss)
2430 http fetch GET 200 https://cdn.npmmirror.com/packages/%40rspack/binding/1.7.11/binding-1.7.11.tgz 8649ms (cache miss)
2431 http fetch GET 200 https://cdn.npmmirror.com/packages/%40module-federation/sdk/0.22.0/sdk-0.22.0.tgz 8658ms (cache miss)
2432 http fetch GET 200 https://cdn.npmmirror.com/packages/%40module-federation/webpack-bundler-runtime/0.22.0/webpack-bundler-runtime-0.22.0.tgz 8705ms (cache miss)
2433 http fetch GET 200 https://cdn.npmmirror.com/packages/%40babel/core/7.29.7/core-7.29.7.tgz 8722ms (cache miss)
2434 http fetch GET 200 https://cdn.npmmirror.com/packages/gensync/1.0.0-beta.2/gensync-1.0.0-beta.2.tgz 8860ms (cache miss)
2435 http fetch GET 200 https://cdn.npmmirror.com/packages/%40mediabunny/mp3-encoder/1.56.1/mp3-encoder-1.56.1.tgz 8974ms (cache miss)
2436 http fetch GET 200 https://cdn.npmmirror.com/packages/%40module-federation/runtime-tools/0.22.0/runtime-tools-0.22.0.tgz 9000ms (cache miss)
2437 http fetch GET 200 https://cdn.npmmirror.com/packages/%40rspack/lite-tapable/1.1.0/lite-tapable-1.1.0.tgz 9020ms (cache miss)
2438 http fetch GET 200 https://cdn.npmmirror.com/packages/%40rspack/binding-win32-x64-msvc/1.7.11/binding-win32-x64-msvc-1.7.11.tgz 9227ms (cache miss)
2439 http fetch GET 200 https://cdn.npmmirror.com/packages/kleur/3.0.3/kleur-3.0.3.tgz 9377ms (cache miss)
2440 http fetch GET 200 https://cdn.npmmirror.com/packages/%40babel/helper-module-imports/7.29.7/helper-module-imports-7.29.7.tgz 9358ms (cache miss)
2441 http fetch GET 200 https://cdn.npmmirror.com/packages/%40svgr/plugin-jsx/8.1.0/plugin-jsx-8.1.0.tgz 9378ms (cache miss)
2442 http fetch GET 200 https://cdn.npmmirror.com/packages/kiwi-schema/0.5.0/kiwi-schema-0.5.0.tgz 9451ms (cache miss)
2443 http fetch GET 200 https://cdn.npmmirror.com/packages/%40mediabunny/aac-encoder/1.56.1/aac-encoder-1.56.1.tgz 9468ms (cache miss)
2444 http fetch GET 200 https://cdn.npmmirror.com/packages/to-fast-properties/2.0.0/to-fast-properties-2.0.0.tgz 9487ms (cache miss)
2445 http fetch GET 200 https://cdn.npmmirror.com/packages/postcss-value-parser/4.2.0/postcss-value-parser-4.2.0.tgz 9524ms (cache miss)
2446 http fetch GET 200 https://cdn.npmmirror.com/packages/%40svgr/core/8.1.0/core-8.1.0.tgz 9506ms (cache miss)
2447 http fetch GET 200 https://cdn.npmmirror.com/packages/%40babel/helper-validator-identifier/7.29.7/helper-validator-identifier-7.29.7.tgz 9596ms (cache miss)
2448 http fetch GET 200 https://cdn.npmmirror.com/packages/%40babel/helper-string-parser/7.29.7/helper-string-parser-7.29.7.tgz 9648ms (cache miss)
2449 http fetch GET 200 https://cdn.npmmirror.com/packages/%40jridgewell/sourcemap-codec/1.6.0/sourcemap-codec-1.6.0.tgz 9659ms (cache miss)
2450 http fetch GET 200 https://cdn.npmmirror.com/packages/postcss-modules-extract-imports/3.1.0/postcss-modules-extract-imports-3.1.0.tgz 9744ms (cache miss)
2451 http fetch GET 200 https://cdn.npmmirror.com/packages/ast-types/0.16.1/ast-types-0.16.1.tgz 9794ms (cache miss)
2452 http fetch GET 200 https://cdn.npmmirror.com/packages/recast/0.23.21/recast-0.23.21.tgz 9851ms (cache miss)
2453 http fetch GET 200 https://cdn.npmmirror.com/packages/open/8.4.2/open-8.4.2.tgz 9857ms (cache miss)
2454 http fetch GET 200 https://cdn.npmmirror.com/packages/memfs/3.4.3/memfs-3.4.3.tgz 9900ms (cache miss)
2455 http fetch GET 200 https://cdn.npmmirror.com/packages/%40remotion/studio-protocol/4.0.529/studio-protocol-4.0.529.tgz 9908ms (cache miss)
2456 http fetch GET 200 https://cdn.npmmirror.com/packages/%40remotion/web-renderer/4.0.529/web-renderer-4.0.529.tgz 10014ms (cache miss)
2457 http fetch GET 200 https://cdn.npmmirror.com/packages/%40remotion/media/4.0.529/media-4.0.529.tgz 10102ms (cache miss)
2458 http fetch GET 200 https://cdn.npmmirror.com/packages/%40remotion/paths/4.0.529/paths-4.0.529.tgz 10121ms (cache miss)
2459 http fetch GET 200 https://cdn.npmmirror.com/packages/%40babel/types/7.24.0/types-7.24.0.tgz 10145ms (cache miss)
2460 http fetch GET 200 https://cdn.npmmirror.com/packages/%40remotion/codemods/4.0.529/codemods-4.0.529.tgz 10223ms (cache miss)
2461 http fetch GET 200 https://cdn.npmmirror.com/packages/%40remotion/captions/4.0.529/captions-4.0.529.tgz 10355ms (cache miss)
2462 http fetch GET 200 https://cdn.npmmirror.com/packages/%40babel/helper-module-transforms/7.29.7/helper-module-transforms-7.29.7.tgz 10382ms (cache miss)
2463 http fetch GET 200 https://cdn.npmmirror.com/packages/postcss/8.5.28/postcss-8.5.28.tgz 10413ms (cache miss)
2464 http fetch GET 200 https://cdn.npmmirror.com/packages/ws/8.21.0/ws-8.21.0.tgz 10423ms (cache miss)
2465 http fetch GET 200 https://cdn.npmmirror.com/packages/%40remotion/streaming/4.0.529/streaming-4.0.529.tgz 10449ms (cache miss)
2466 http fetch GET 200 https://cdn.npmmirror.com/packages/%40remotion/canvas/4.0.529/canvas-4.0.529.tgz 10458ms (cache miss)
2467 http fetch GET 200 https://cdn.npmmirror.com/packages/convert-source-map/2.0.0/convert-source-map-2.0.0.tgz 10523ms (cache miss)
2468 http fetch GET 200 https://cdn.npmmirror.com/packages/%40remotion/licensing/4.0.529/licensing-4.0.529.tgz 10546ms (cache miss)
2469 http fetch GET 200 https://cdn.npmmirror.com/packages/%40svgr/babel-plugin-transform-svg-component/8.0.0/babel-plugin-transform-svg-component-8.0.0.tgz 10572ms (cache miss)
2470 http fetch GET 200 https://cdn.npmmirror.com/packages/human-signals/2.1.0/human-signals-2.1.0.tgz 10625ms (cache miss)
2471 http fetch GET 200 https://cdn.npmmirror.com/packages/source-map/0.8.0/source-map-0.8.0.tgz 10619ms (cache miss)
2472 http fetch GET 200 https://cdn.npmmirror.com/packages/%40svgr/babel-plugin-svg-em-dimensions/8.0.0/babel-plugin-svg-em-dimensions-8.0.0.tgz 10658ms (cache miss)
2473 http fetch GET 200 https://cdn.npmmirror.com/packages/css-loader/7.1.4/css-loader-7.1.4.tgz 10665ms (cache miss)
2474 http fetch GET 200 https://cdn.npmmirror.com/packages/style-loader/4.0.0/style-loader-4.0.0.tgz 10681ms (cache miss)
2475 http fetch GET 200 https://cdn.npmmirror.com/packages/esbuild/0.28.1/esbuild-0.28.1.tgz 10688ms (cache miss)
2476 http fetch GET 200 https://cdn.npmmirror.com/packages/react-refresh/0.18.0/react-refresh-0.18.0.tgz 10730ms (cache miss)
2477 http fetch GET 200 https://cdn.npmmirror.com/packages/minimist/1.2.6/minimist-1.2.6.tgz 10807ms (cache miss)
2478 http fetch GET 200 https://cdn.npmmirror.com/packages/dotenv/17.3.1/dotenv-17.3.1.tgz 10827ms (cache miss)
2479 http fetch GET 200 https://cdn.npmmirror.com/packages/%40rspack/plugin-react-refresh/1.6.1/plugin-react-refresh-1.6.1.tgz 10831ms (cache miss)
2480 http fetch GET 200 https://cdn.npmmirror.com/packages/semver/7.5.3/semver-7.5.3.tgz 10961ms (cache miss)
2481 http fetch GET 200 https://cdn.npmmirror.com/packages/%40remotion/timeline-utils/4.0.529/timeline-utils-4.0.529.tgz 10997ms (cache miss)
2482 http fetch GET 200 https://cdn.npmmirror.com/packages/%40babel/parser/7.24.1/parser-7.24.1.tgz 11054ms (cache miss)
2483 http fetch GET 200 https://cdn.npmmirror.com/packages/%40remotion/media-utils/4.0.529/media-utils-4.0.529.tgz 11183ms (cache miss)
2484 http fetch GET 200 https://cdn.npmmirror.com/packages/%40remotion/bundler/4.0.529/bundler-4.0.529.tgz 11187ms (cache miss)
2485 http fetch GET 200 https://cdn.npmmirror.com/packages/debug/4.4.3/debug-4.4.3.tgz 11282ms (cache miss)
2486 http fetch GET 200 https://cdn.npmmirror.com/packages/%40types/react-dom/19.3.0/react-dom-19.3.0.tgz 11285ms (cache miss)
2487 http fetch GET 200 https://cdn.npmmirror.com/packages/%40remotion/compositor-win32-x64-msvc/4.0.529/compositor-win32-x64-msvc-4.0.529.tgz 11296ms (cache miss)
2488 http fetch GET 200 https://cdn.npmmirror.com/packages/%40turf/centroid/7.4.0/centroid-7.4.0.tgz 11330ms (cache miss)
2489 http fetch GET 200 https://cdn.npmmirror.com/packages/%40turf/helpers/7.4.0/helpers-7.4.0.tgz 11341ms (cache miss)
2490 http fetch GET 200 https://cdn.npmmirror.com/packages/%40types/d3-geo/3.1.1/d3-geo-3.1.1.tgz 11349ms (cache miss)
2491 http fetch GET 200 https://cdn.npmmirror.com/packages/%40remotion/studio-shared/4.0.529/studio-shared-4.0.529.tgz 11370ms (cache miss)
2492 http fetch GET 200 https://cdn.npmmirror.com/packages/d3-geo/3.1.1/d3-geo-3.1.1.tgz 11374ms (cache miss)
2493 http fetch GET 200 https://cdn.npmmirror.com/packages/%40types/react/19.3.0/react-19.3.0.tgz 11455ms (cache miss)
2494 http fetch GET 200 https://cdn.npmmirror.com/packages/%40remotion/player/4.0.529/player-4.0.529.tgz 11532ms (cache miss)
2495 http fetch GET 200 https://cdn.npmmirror.com/packages/prismjs/1.30.0/prismjs-1.30.0.tgz 11687ms (cache miss)
2496 http fetch GET 200 https://cdn.npmmirror.com/packages/estraverse/5.3.0/estraverse-5.3.0.tgz 11715ms (cache miss)
2497 http fetch GET 200 https://cdn.npmmirror.com/packages/react/19.3.0/react-19.3.0.tgz 11722ms (cache miss)
2498 http fetch GET 200 https://cdn.npmmirror.com/packages/execa/5.1.1/execa-5.1.1.tgz 11754ms (cache miss)
2499 http fetch GET 200 https://cdn.npmmirror.com/packages/%40module-federation/error-codes/0.22.0/error-codes-0.22.0.tgz 11872ms (cache miss)
2500 http fetch GET 200 https://cdn.npmmirror.com/packages/%40module-federation/runtime/0.22.0/runtime-0.22.0.tgz 11965ms (cache miss)
2501 http fetch GET 200 https://cdn.npmmirror.com/packages/%40babel/parser/7.29.9/parser-7.29.9.tgz 11963ms (cache miss)
2502 http cache https://cdn.npmmirror.com/packages/%40babel/parser/7.29.9/parser-7.29.9.tgz 12015ms (cache hit)
2503 http fetch GET 200 https://cdn.npmmirror.com/packages/react-dom/19.3.0/react-dom-19.3.0.tgz 12064ms (cache miss)
2504 http fetch GET 200 https://cdn.npmmirror.com/packages/semver/6.3.1/semver-6.3.1.tgz 12076ms (cache miss)
2505 http cache https://cdn.npmmirror.com/packages/%40babel/parser/7.29.9/parser-7.29.9.tgz 12116ms (cache hit)
2506 http fetch GET 200 https://cdn.npmmirror.com/packages/%40module-federation/runtime-core/0.22.0/runtime-core-0.22.0.tgz 12144ms (cache miss)
2507 http fetch GET 200 https://cdn.npmmirror.com/packages/%40remotion/cli/4.0.529/cli-4.0.529.tgz 12290ms (cache miss)
2508 http fetch GET 200 https://cdn.npmmirror.com/packages/%40rspack/core/1.7.11/core-1.7.11.tgz 12302ms (cache miss)
2509 http fetch GET 200 https://cdn.npmmirror.com/packages/%40mediabunny/flac-encoder/1.56.1/flac-encoder-1.56.1.tgz 12379ms (cache miss)
2510 http fetch GET 200 https://cdn.npmmirror.com/packages/typescript/5.9.3/typescript-5.9.3.tgz 12438ms (cache miss)
2511 http fetch GET 200 https://cdn.npmmirror.com/packages/mediabunny/1.56.1/mediabunny-1.56.1.tgz 12732ms (cache miss)
2512 http fetch GET 200 https://cdn.npmmirror.com/packages/%40tanstack/react-virtual/3.14.9/react-virtual-3.14.9.tgz 12850ms (cache miss)
2513 http fetch GET 200 https://cdn.npmmirror.com/packages/%40jridgewell/resolve-uri/3.1.2/resolve-uri-3.1.2.tgz 12861ms (cache miss)
2514 http fetch GET 200 https://cdn.npmmirror.com/packages/%40remotion/studio-server/4.0.529/studio-server-4.0.529.tgz 12902ms (cache miss)
2515 http cache https://cdn.npmmirror.com/packages/semver/6.3.1/semver-6.3.1.tgz 12920ms (cache hit)
2516 http fetch GET 200 https://cdn.npmmirror.com/packages/%40remotion/zod-types/4.0.529/zod-types-4.0.529.tgz 13033ms (cache miss)
2517 http fetch GET 200 https://cdn.npmmirror.com/packages/remotion/4.0.529/remotion-4.0.529.tgz 13066ms (cache miss)
2518 http fetch GET 200 https://cdn.npmmirror.com/packages/yallist/4.0.0/yallist-4.0.0.tgz 13063ms (cache miss)
2519 http cache https://cdn.npmmirror.com/packages/%40babel/parser/7.29.9/parser-7.29.9.tgz 13095ms (cache hit)
2520 http fetch GET 200 https://cdn.npmmirror.com/packages/lru-cache/6.0.0/lru-cache-6.0.0.tgz 13114ms (cache miss)
2521 http fetch GET 200 https://cdn.npmmirror.com/packages/semver/7.8.5/semver-7.8.5.tgz 13157ms (cache miss)
2522 http fetch GET 200 https://cdn.npmmirror.com/packages/%40jridgewell/trace-mapping/0.3.31/trace-mapping-0.3.31.tgz 13301ms (cache miss)
2523 http fetch GET 200 https://cdn.npmmirror.com/packages/%40remotion/renderer/4.0.529/renderer-4.0.529.tgz 13456ms (cache miss)
2524 http fetch GET 200 https://cdn.npmmirror.com/packages/webpack/5.105.0/webpack-5.105.0.tgz 13624ms (cache miss)
2525 http fetch GET 200 https://cdn.npmmirror.com/packages/source-map/0.6.1/source-map-0.6.1.tgz 13898ms (cache miss)
2526 http fetch GET 200 https://cdn.npmmirror.com/packages/source-map/0.6.1/source-map-0.6.1.tgz 13974ms (cache miss)
2527 http fetch GET 200 https://cdn.npmmirror.com/packages/%40remotion/media-parser/4.0.529/media-parser-4.0.529.tgz 14072ms (cache miss)
2528 http fetch GET 200 https://cdn.npmmirror.com/packages/prompts/2.4.2/prompts-2.4.2.tgz 14104ms (cache miss)
2529 http fetch GET 200 https://cdn.npmmirror.com/packages/tsx/4.23.15/tsx-4.23.15.tgz 14162ms (cache miss)
2530 http fetch GET 200 https://cdn.npmmirror.com/packages/xlsx/0.18.5/xlsx-0.18.5.tgz 14196ms (cache miss)
2531 http fetch GET 200 https://cdn.npmmirror.com/packages/zod/4.6.5/zod-4.6.5.tgz 14562ms (cache miss)
2532 http fetch GET 200 https://cdn.npmmirror.com/packages/%40babel/types/7.29.8/types-7.29.8.tgz 15195ms (cache miss)
2533 http fetch GET 200 https://cdn.npmmirror.com/packages/zod/4.5.4/zod-4.5.4.tgz 15594ms (cache miss)
2534 http fetch GET 200 https://cdn.npmmirror.com/packages/zod/4.5.4/zod-4.5.4.tgz 15790ms (cache miss)
2535 http fetch GET 200 https://cdn.npmmirror.com/packages/zod/4.5.4/zod-4.5.4.tgz 15793ms (cache miss)
2536 http fetch GET 200 https://cdn.npmmirror.com/packages/zod/4.5.4/zod-4.5.4.tgz 15811ms (cache miss)
2537 http cache https://cdn.npmmirror.com/packages/%40babel/types/7.29.8/types-7.29.8.tgz 17998ms (cache hit)
2538 http cache https://cdn.npmmirror.com/packages/%40babel/types/7.29.8/types-7.29.8.tgz 18022ms (cache hit)
2539 http cache https://cdn.npmmirror.com/packages/%40babel/types/7.29.8/types-7.29.8.tgz 18028ms (cache hit)
2540 http cache https://cdn.npmmirror.com/packages/%40babel/types/7.29.8/types-7.29.8.tgz 18035ms (cache hit)
2541 http cache https://cdn.npmmirror.com/packages/%40babel/types/7.29.8/types-7.29.8.tgz 18042ms (cache hit)
2542 http fetch GET 200 https://cdn.npmmirror.com/packages/%40remotion/studio/4.0.529/studio-4.0.529.tgz 18252ms (cache miss)
2543 silly ADD node_modules/frac
2544 silly ADD node_modules/word
2545 silly ADD node_modules/wmf
2546 silly ADD node_modules/ssf
2547 silly ADD node_modules/crc-32
2548 silly ADD node_modules/codepage
2549 silly ADD node_modules/cfb
2550 silly ADD node_modules/adler-32
2551 silly ADD node_modules/isexe
2552 silly ADD node_modules/buffer-from
2553 silly ADD node_modules/source-map-support
2554 silly ADD node_modules/source-map-support/node_modules/source-map
2555 silly ADD node_modules/commander
2556 silly ADD node_modules/@jridgewell/source-map
2557 silly ADD node_modules/has-flag
2558 silly ADD node_modules/undici-types
2559 silly ADD node_modules/supports-color
2560 silly ADD node_modules/@types/node
2561 silly ADD node_modules/terser
2562 silly ADD node_modules/jest-worker
2563 silly ADD node_modules/require-from-string
2564 silly ADD node_modules/json-schema-traverse
2565 silly ADD node_modules/fast-uri
2566 silly ADD node_modules/fast-deep-equal
2567 silly ADD node_modules/ajv-keywords
2568 silly ADD node_modules/ajv-formats
2569 silly ADD node_modules/ajv
2570 silly ADD node_modules/mime-db
2571 silly ADD node_modules/estraverse
2572 silly ADD node_modules/esrecurse
2573 silly ADD node_modules/esrecurse/node_modules/estraverse
2574 silly ADD node_modules/@xtuc/ieee754
2575 silly ADD node_modules/@webassemblyjs/utf8
2576 silly ADD node_modules/@webassemblyjs/leb128
2577 silly ADD node_modules/@webassemblyjs/ieee754
2578 silly ADD node_modules/@webassemblyjs/wast-printer
2579 silly ADD node_modules/@webassemblyjs/wasm-opt
2580 silly ADD node_modules/@webassemblyjs/wasm-gen
2581 silly ADD node_modules/@webassemblyjs/helper-wasm-section
2582 silly ADD node_modules/@webassemblyjs/helper-buffer
2583 silly ADD node_modules/@xtuc/long
2584 silly ADD node_modules/@webassemblyjs/helper-api-error
2585 silly ADD node_modules/@webassemblyjs/floating-point-hex-parser
2586 silly ADD node_modules/@webassemblyjs/helper-wasm-bytecode
2587 silly ADD node_modules/@webassemblyjs/helper-numbers
2588 silly ADD node_modules/@types/eslint
2589 silly ADD node_modules/webpack-sources
2590 silly ADD node_modules/watchpack
2591 silly ADD node_modules/terser-webpack-plugin
2592 silly ADD node_modules/tapable
2593 silly ADD node_modules/schema-utils
2594 silly ADD node_modules/neo-async
2595 silly ADD node_modules/mime-types
2596 silly ADD node_modules/loader-runner
2597 silly ADD node_modules/graceful-fs
2598 silly ADD node_modules/glob-to-regexp
2599 silly ADD node_modules/events
2600 silly ADD node_modules/eslint-scope
2601 silly ADD node_modules/es-module-lexer
2602 silly ADD node_modules/enhanced-resolve
2603 silly ADD node_modules/chrome-trace-event
2604 silly ADD node_modules/acorn-import-phases
2605 silly ADD node_modules/acorn
2606 silly ADD node_modules/@webassemblyjs/wasm-parser
2607 silly ADD node_modules/@webassemblyjs/wasm-edit
2608 silly ADD node_modules/@webassemblyjs/ast
2609 silly ADD node_modules/@types/json-schema
2610 silly ADD node_modules/@types/estree
2611 silly ADD node_modules/@types/eslint-scope
2612 silly ADD node_modules/escalade
2613 silly ADD node_modules/lower-case
2614 silly ADD node_modules/no-case
2615 silly ADD node_modules/dot-case
2616 silly ADD node_modules/shebang-regex
2617 silly ADD node_modules/tiny-invariant
2618 silly ADD node_modules/esprima
2619 silly ADD node_modules/scheduler
2620 silly ADD node_modules/sisteransi
2621 silly ADD node_modules/kleur
2622 silly ADD node_modules/util-deprecate
2623 silly ADD node_modules/cssesc
2624 silly ADD node_modules/postcss-selector-parser
2625 silly ADD node_modules/source-map-js
2626 silly ADD node_modules/nanoid
2627 silly ADD node_modules/is-arrayish
2628 silly ADD node_modules/lines-and-columns
2629 silly ADD node_modules/json-parse-even-better-errors
2630 silly ADD node_modules/error-ex
2631 silly ADD node_modules/callsites
2632 silly ADD node_modules/is-wsl
2633 silly ADD node_modules/is-docker
2634 silly ADD node_modules/define-lazy-prop
2635 silly ADD node_modules/mimic-fn
2636 silly ADD node_modules/fs-monkey
2637 silly ADD node_modules/@types/dom-webcodecs
2638 silly ADD node_modules/@types/dom-mediacapture-transform
2639 silly ADD node_modules/yallist
2640 silly ADD node_modules/argparse
2641 silly ADD node_modules/resolve-from
2642 silly ADD node_modules/parent-module
2643 silly ADD node_modules/which
2644 silly ADD node_modules/shebang-command
2645 silly ADD node_modules/path-key
2646 silly ADD node_modules/strip-final-newline
2647 silly ADD node_modules/signal-exit
2648 silly ADD node_modules/onetime
2649 silly ADD node_modules/npm-run-path
2650 silly ADD node_modules/merge-stream
2651 silly ADD node_modules/is-stream
2652 silly ADD node_modules/human-signals
2653 silly ADD node_modules/get-stream
2654 silly ADD node_modules/cross-spawn
2655 silly ADD node_modules/@esbuild/win32-x64
2656 silly ADD node_modules/stackframe
2657 silly ADD node_modules/ms
2658 silly ADD node_modules/internmap
2659 silly ADD node_modules/d3-array
2660 silly ADD node_modules/postcss-value-parser
2661 silly ADD node_modules/postcss-modules-values
2662 silly ADD node_modules/postcss-modules-scope
2663 silly ADD node_modules/postcss-modules-local-by-default
2664 silly ADD node_modules/postcss-modules-extract-imports
2665 silly ADD node_modules/postcss
2666 silly ADD node_modules/icss-utils
2667 silly ADD node_modules/path-type
2668 silly ADD node_modules/parse-json
2669 silly ADD node_modules/js-yaml
2670 silly ADD node_modules/import-fresh
2671 silly ADD node_modules/update-browserslist-db
2672 silly ADD node_modules/node-releases
2673 silly ADD node_modules/electron-to-chromium
2674 silly ADD node_modules/caniuse-lite
2675 silly ADD node_modules/baseline-browser-mapping
2676 silly ADD node_modules/csstype
2677 silly ADD node_modules/@types/geojson
2678 silly ADD node_modules/@turf/meta
2679 silly ADD node_modules/@tanstack/virtual-core
2680 silly ADD node_modules/entities
2681 silly ADD node_modules/svg-parser
2682 silly ADD node_modules/@svgr/hast-util-to-babel-ast
2683 silly ADD node_modules/@svgr/babel-plugin-transform-svg-component
2684 silly ADD node_modules/@svgr/babel-plugin-transform-react-native-svg
2685 silly ADD node_modules/@svgr/babel-plugin-svg-em-dimensions
2686 silly ADD node_modules/@svgr/babel-plugin-svg-dynamic-title
2687 silly ADD node_modules/@svgr/babel-plugin-replace-jsx-attribute-value
2688 silly ADD node_modules/@svgr/babel-plugin-remove-jsx-empty-expression
2689 silly ADD node_modules/@svgr/babel-plugin-remove-jsx-attribute
2690 silly ADD node_modules/@svgr/babel-plugin-add-jsx-attribute
2691 silly ADD node_modules/@babel/helper-globals
2692 silly ADD node_modules/@babel/helper-module-imports
2693 silly ADD node_modules/@babel/helper-module-imports/node_modules/@babel/types
2694 silly ADD node_modules/lru-cache
2695 silly ADD node_modules/browserslist
2696 silly ADD node_modules/@babel/helper-validator-option
2697 silly ADD node_modules/@babel/compat-data
2698 silly ADD node_modules/jsesc
2699 silly ADD node_modules/@jridgewell/gen-mapping
2700 silly ADD node_modules/picocolors
2701 silly ADD node_modules/js-tokens
2702 silly ADD node_modules/json5
2703 silly ADD node_modules/gensync
2704 silly ADD node_modules/debug
2705 silly ADD node_modules/convert-source-map
2706 silly ADD node_modules/@jridgewell/remapping
2707 silly ADD node_modules/@babel/traverse
2708 silly ADD node_modules/@babel/traverse/node_modules/@babel/types
2709 silly ADD node_modules/@babel/traverse/node_modules/@babel/parser
2710 silly ADD node_modules/@babel/template
2711 silly ADD node_modules/@babel/template/node_modules/@babel/types
2712 silly ADD node_modules/@babel/template/node_modules/@babel/parser
2713 silly ADD node_modules/@babel/helpers
2714 silly ADD node_modules/@babel/helpers/node_modules/@babel/types
2715 silly ADD node_modules/@babel/helper-module-transforms
2716 silly ADD node_modules/@babel/helper-compilation-targets
2717 silly ADD node_modules/@babel/helper-compilation-targets/node_modules/semver
2718 silly ADD node_modules/@babel/generator
2719 silly ADD node_modules/@babel/generator/node_modules/@babel/types
2720 silly ADD node_modules/@babel/generator/node_modules/@babel/parser
2721 silly ADD node_modules/@babel/code-frame
2722 silly ADD node_modules/snake-case
2723 silly ADD node_modules/cosmiconfig
2724 silly ADD node_modules/camelcase
2725 silly ADD node_modules/@svgr/babel-preset
2726 silly ADD node_modules/@babel/core
2727 silly ADD node_modules/@babel/core/node_modules/semver
2728 silly ADD node_modules/@babel/core/node_modules/@babel/types
2729 silly ADD node_modules/@babel/core/node_modules/@babel/parser
2730 silly ADD node_modules/html-entities
2731 silly ADD node_modules/error-stack-parser
2732 silly ADD node_modules/tslib
2733 silly ADD node_modules/@rspack/binding-win32-x64-msvc
2734 silly ADD node_modules/@module-federation/sdk
2735 silly ADD node_modules/@module-federation/runtime-core
2736 silly ADD node_modules/@module-federation/error-codes
2737 silly ADD node_modules/@module-federation/webpack-bundler-runtime
2738 silly ADD node_modules/@module-federation/runtime
2739 silly ADD node_modules/@rspack/lite-tapable
2740 silly ADD node_modules/@rspack/binding
2741 silly ADD node_modules/@module-federation/runtime-tools
2742 silly ADD node_modules/@mediabunny/mp3-encoder
2743 silly ADD node_modules/@mediabunny/flac-encoder
2744 silly ADD node_modules/@mediabunny/aac-encoder
2745 silly ADD node_modules/kiwi-schema
2746 silly ADD node_modules/@svgr/plugin-jsx
2747 silly ADD node_modules/@svgr/core
2748 silly ADD node_modules/to-fast-properties
2749 silly ADD node_modules/@babel/helper-validator-identifier
2750 silly ADD node_modules/@babel/helper-string-parser
2751 silly ADD node_modules/recast
2752 silly ADD node_modules/recast/node_modules/source-map
2753 silly ADD node_modules/ast-types
2754 silly ADD node_modules/@babel/types
2755 silly ADD node_modules/@jridgewell/sourcemap-codec
2756 silly ADD node_modules/@jridgewell/resolve-uri
2757 silly ADD node_modules/prismjs
2758 silly ADD node_modules/open
2759 silly ADD node_modules/memfs
2760 silly ADD node_modules/@tanstack/react-virtual
2761 silly ADD node_modules/@remotion/zod-types
2762 silly ADD node_modules/@remotion/web-renderer
2763 silly ADD node_modules/@remotion/studio-protocol
2764 silly ADD node_modules/@remotion/studio-protocol/node_modules/zod
2765 silly ADD node_modules/@remotion/paths
2766 silly ADD node_modules/@remotion/media
2767 silly ADD node_modules/@remotion/media/node_modules/zod
2768 silly ADD node_modules/@remotion/codemods
2769 silly ADD node_modules/@remotion/captions
2770 silly ADD node_modules/@remotion/canvas
2771 silly ADD node_modules/@jridgewell/trace-mapping
2772 silly ADD node_modules/ws
2773 silly ADD node_modules/source-map
2774 silly ADD node_modules/execa
2775 silly ADD node_modules/@remotion/streaming
2776 silly ADD node_modules/@remotion/licensing
2777 silly ADD node_modules/@remotion/compositor-win32-x64-msvc
2778 silly ADD node_modules/mediabunny
2779 silly ADD node_modules/webpack
2780 silly ADD node_modules/style-loader
2781 silly ADD node_modules/esbuild
2782 silly ADD node_modules/css-loader
2783 silly ADD node_modules/css-loader/node_modules/semver
2784 silly ADD node_modules/react-refresh
2785 silly ADD node_modules/@rspack/plugin-react-refresh
2786 silly ADD node_modules/@rspack/core
2787 silly ADD node_modules/@remotion/timeline-utils
2788 silly ADD node_modules/@remotion/media-parser
2789 silly ADD node_modules/semver
2790 silly ADD node_modules/semver/node_modules/yallist
2791 silly ADD node_modules/semver/node_modules/lru-cache
2792 silly ADD node_modules/prompts
2793 silly ADD node_modules/minimist
2794 silly ADD node_modules/dotenv
2795 silly ADD node_modules/@remotion/studio-shared
2796 silly ADD node_modules/@remotion/studio-server
2797 silly ADD node_modules/@remotion/studio-server/node_modules/zod
2798 silly ADD node_modules/@remotion/studio
2799 silly ADD node_modules/@remotion/studio/node_modules/zod
2800 silly ADD node_modules/@remotion/renderer
2801 silly ADD node_modules/@remotion/player
2802 silly ADD node_modules/@remotion/media-utils
2803 silly ADD node_modules/@remotion/bundler
2804 silly ADD node_modules/@babel/parser
2805 silly ADD node_modules/zod
2806 silly ADD node_modules/xlsx
2807 silly ADD node_modules/typescript
2808 silly ADD node_modules/tsx
2809 silly ADD node_modules/remotion
2810 silly ADD node_modules/d3-geo
2811 silly ADD node_modules/@types/react-dom
2812 silly ADD node_modules/@types/react
2813 silly ADD node_modules/@types/d3-geo
2814 silly ADD node_modules/@turf/helpers
2815 silly ADD node_modules/@turf/centroid
2816 silly ADD node_modules/react-dom
2817 silly ADD node_modules/react
2818 silly ADD node_modules/@remotion/cli
2819 verbose cwd E:\temp\frontproject\tts-maplibre-remotion-video
2820 verbose os Windows_NT 10.0.26200
2821 verbose node v24.21.0
2822 verbose npm  v11.19.0
2823 notice
2823 notice New major version of npm available! 11.19.0 -> 12.1.0
2823 notice Changelog: https://github.com/npm/cli/releases/tag/v12.1.0
2823 notice To update run: npm install -g npm@12.1.0
2823 notice  { force: true, Symbol(proc-log.meta): true }
2824 verbose exit 0
2825 info ok
